Workbook
Name ClearOldRecord: '13'!ClearOldRecord
Name ClearOldRecord: 'CFT '!ClearOldRecord
Name ClearOldRecord: [1]!ClearOldRecord
Name Entry: '13'!Entry
Name Entry: 'CFT '!Entry
Name Entry: [1]!Entry
Name ExitProgram: '13'!ExitProgram
Name ExitProgram: 'CFT '!ExitProgram
Name ExitProgram: [1]!ExitProgram
Name HistogramWizard: '13'!HistogramWizard
Name HistogramWizard: 'CFT '!HistogramWizard
Name HistogramWizard: [1]!HistogramWizard
Name kk: '13'!kk
Name kk: 'CFT '!kk
Name kk: [1]!kk
Name print: '13'!print
Name print: 'CFT '!print
Name print: [1]!print
Name PrintReport: '13'!PrintReport
Name PrintReport: 'CFT '!PrintReport
Name PrintReport: [1]!PrintReport
Name qwe: '13'!qwe
Name qwe: 'CFT '!qwe
Name qwe: [1]!qwe
Name Retrieve: '13'!Retrieve
Name Retrieve: 'CFT '!Retrieve
Name Retrieve: [1]!Retrieve
Name ReturnTOMain: '13'!ReturnTOMain
Name ReturnTOMain: 'CFT '!ReturnTOMain
Name ReturnTOMain: [1]!ReturnTOMain
Name Save: '13'!Save
Name Save: 'CFT '!Save
Name Save: [1]!Save

Sheet Portada 
B1: Información del Proyecto / Project Information | D1: Rev: 00
A5: Nombre del proyecto / Project name: | B5: Dahlia Valve Stellantis | C5: Inicia / Start: | D5: 45609
A6: Número de parte / Part number: | B6: 1722-EJB0033 | C6: Termina / End: | D6: 47392
A7: Cliente / Customer: | B7: Stellantis | C7: Fecha de PPAP / PPAP Date: | D7: 45524
A8: Aplicación / Application: | B8: AS | C8: Fecha de SOP / SOP Date: | D8: 45609
A9: Línea / Line: | B9: Dahlia Valve | C9: Fecha de término de safe launch / Safe launch finish date: | D9: =IF(D8=0, "",D8+90) -> 45699
A10: Producto / Product: | B10: Dahlia Valve | C10: Administrador de programa / Program Manager:
A11: Razón de la Revisión / Revision Reason: | B11: Nuevo proyecto
A14: Líder del proyecto / Project leader | B14: Mohamed Niaz
A15: Ingeniero de Proyectos / Project Engineer | B15: Eduardo Tejeida
A16: Ingeniero de Calidad / QE | B16: Gabriel Romero
A17: Process Engineer / PE | B17: Jesus Urena
A18: Observaciones / Remarks:

Sheet CFT 
B2: #VALUE! | C2: Cross Functional Team
B6: Customer: | C6: Stellantis | F6: Project BU: | G6: 46
B7: Project name: | C7: Dahlia Valve HD (68591739AA - 1722-EJB0033) | F7: Line: | G7: Dahlia
B8: Plant: | C8: 1 | G8: =IF('[2]Portada '!B10="", "",'[2]Portada '!$B$9)
B10: Manufacturing site | F10: Transfering site
D11: Email | G11: Name | H11: Email
B12: Project leader: | C12: Mohamed Niaz | D12: mohammed.niaz@johnsonelectric.com | F12: Program Manager: | G12: Jit Deodhar | H12: jit.deodhar@johnsonelectric.com
B13: Project Engineer: | C13: Eduardo Tejeida | D13: eduardo.tejeida@johnsonelectric.com | F13: Design Engineer: | G13: Alessandro Bossi | H13: alessandro.florian.bossi@johnsonelectric.com
B14: Process Engineer: | C14: Heriberto Covarrubias | D14: heriberto.covarrubias@johnsonelectric.com | F14: Process Engineer: | G14: Charlene Gomez | H14: charlene.gomez@johnsonelectric.com
B15: Quality Engineer: | C15: Julieta Solis | D15: julieta.solis@johnsonelectric.com | F15: Quality Engineer: | G15: Akos Korompai | H15: akos.korompai@johnsonelectric.com
B16: Supplier Quality Engineer: | C16: Diego Alonso | D16: diego.alonso@johnsonelectric.com | F16: SCS Purchasing: | G16: Kevin Swisher | H16: kevin.swisher@jonsonelectric.com
B17: SCS Procurement: | C17: Alexis Jara | D17: alexis.jara@johnsonelectric.com | F17: Application Engineer: | G17: Stephen Russano | H17: stephen.russano@johnsonelectric.com
B18: EHS Representative: | C18: Miguel Ruíz | D18: miguelruiz@johnsonelectric.com
B19: Finance Representative: | C19: Alberto Peñalver | D19: alberto.penalver@johnsonelectric.com
B20: Material Management: | C20: Fransisco Díaz | D20: fransisco.diaz@johnsonelectric.com
B21: Foreign trade compliance: | C21: Karime Rivas | D21: karime.rivas@johnsonelectric.com
B22: Training Coordinator: | C22: Luis de la Fuente | D22: luis.delafuente@johnsonelectric.com
B23: Production Representative: | C23: Gustavo Ramirez | D23: gustavo.ramirez@johnsonelectric.com
B24: Customer Quality Engineer: | C24: Jose Fabela | D24: jose.fabela@johnsonelectric.com
B26: Manufacturing site Management | F26: Others (add as needed)
C27: Name | D27: Email | G27: Name | H27: Email
B28: Operations Manager: | C28: Fermin Flores | D28: fermin.flores@johnsonelectric.com | F28: Busines Development Manager: | G28: Philippe Jacquat | H28: philippe.jacquat@johnsonelectric.com
B29: Quality Manager: | C29: Amado Cardona | D29: amado.cardona@johnsonelectroc.com | F29: Senior PM: | G29: Kurt Kromer | H29: Kurt Kromer@johnsonelectric.com
B30: Materials Manager: | C30: Juan Carlos Arizpe | D30: Juancarlos.arizpe@johnsonelectric.com | F30: Maintenance Manager: | G30: Oscar Ramos | H30: oscar.ramos@johnsonelectric.com
B31: SCS Manager: | C31: Kevin Swisher | D31: kevin.swisher@johnsonelectric.com | F31: Engineer Manager: | G31: Olivier Roussel | H31: olivier.roussel@johnsonelectric.com
B32: Finance Manager: | C32: Bernardo Marines | D32: Bernardo.marines@johnsonelectric.com
B33: HR Manager: | C33: Claudia Castañeda | D33: claudia.castaneda@johnsonelectric.com
A39: =+#REF! -> #REF!

Sheet Programa APQP
D1: Información del Proyecto / Project Information
A7: Puntos de JEPDS aplicables / JEPDS applicable items. | C7: Preparación General para el Lanzamiento / Overall launch readiness: | F7: =IF((COUNTIF(J30,"")+COUNTIF(J59,"")+COUNTIF(J78,"")+COUNTIF(J91,"")=39),"",SUM(J30,J59,J78,J91)) -> 75
C8: Día de inicio de producción / SOP date: | F8: =IF('Portada '!D8="","",'Portada '!D8) -> 45609
C9: Champion | D9: Etapas / Stages (APQP) | E9: Entregables / Deliverables | F9: Plan | G9: Control de entregables / Delivereables control: | H9: Status. | I9: Calificación / Score | K9: Observaciones / Remarks
C10: PROJ | D10: ETAPA 2 / STAGE 2 | E10: Equipo multifuncional / CFT (JE Global and internal): | F10: Plan | G10: =+$G$28 -> 45479 | H10: =IF(G10=0, " ", IF(AND(G10<TODAY(),G11=0), "NEEDS ACTION", IF(G11=0,"Ongoing", IF(G11<=G10,"Closed on time", IF(G11>G10,"Closed late"))))) -> Closed on time | I10: =IF(AND(Stage2!C4="",Stage2!D4="",Stage2!E4=""),"",IF(OR(Stage2!C4="X",Stage2!E4="X"),"OK","NG")) -> OK | J10: =IF($I10="","",IF($I10="NG",0,((100/4)/10))) -> 2.5
F11: Real | G11: 45300
C12: DE | E12: DFMEA: | F12: Plan | G12: =+$G$28 -> 45479 | H12: =IF(G12=0, " ", IF(AND(G12<TODAY(),G13=0), "NEEDS ACTION", IF(G13=0,"Ongoing", IF(G13<=G12,"Closed on time", IF(G13>G12,"Closed late"))))) -> Closed on time | I12: =IF(AND(Stage2!C5="",Stage2!D5="",Stage2!E5=""),"",IF(OR(Stage2!C5="X",Stage2!E5=""),"OK","NG")) -> OK | J12: =IF(I12="","",IF(I12="NG",0,((100/4)/10))) -> 2.5
F13: Real | G13: 45300
C14: DE | E14: Lista preliminar de materiales / Preliminary BOM: | F14: Plan | G14: =+$G$28 -> 45479 | H14: =IF(G14=0, " ", IF(AND(G14<TODAY(),G15=0), "NEEDS ACTION", IF(G15=0,"Ongoing", IF(G15<=G14,"Closed on time", IF(G15>G14,"Closed late"))))) -> Closed on time | I14: =IF(AND(Stage2!C6="",Stage2!D6="",Stage2!E6=""),"",IF(OR(Stage2!C6="X",Stage2!E6=""),"OK","NG")) -> OK | J14: =IF(I14="","",IF(I14="NG",0,((100/4)/10))) -> 2.5 | K14: 1. Junta con Diego / Michelle para status de componentes (PPAP de componentes PSW firmado 8 Jul)
F15: Real | G15: 45301
C16: DE | E16: Dibujos / Drawings: | F16: Plan | G16: =+$G$28 -> 45479 | H16: =IF(G16=0, " ", IF(AND(G16<TODAY(),G17=0), "NEEDS ACTION", IF(G17=0,"Ongoing", IF(G17<=G16,"Closed on time", IF(G17>G16,"Closed late"))))) -> Closed late | I16: =IF(COUNTIF(Stage2!C15:E18,"")=12,"",IF(COUNTIF(Stage2!C15:C18,"X")+COUNTIF(Stage2!E15:E18,"X")=4, "OK","NG")) -> OK | J16: =IF(I16="","",IF(I16="NG",0,((100/4)/10))) -> 2.5 | K16: 1. Agregar dibujos a Doc controlados 2. Validar ultima revision en JEPLM para componentes y ensambles 3. Murten (Alessandor) actualizar dibujos torque para atornillado de bracket
F17: Real | G17: 45498
C18: QE/PE | E18: Lista de equipos, fixturas, herramietas, refacciones,gauges e instalaciones necesarias / Lists of equipment, fixtures, tooling, spare parts, gauges and facilities needed. | F18: Plan | G18: =+$G$28 -> 45479 | H18: =IF(G18=0, " ", IF(AND(G18<TODAY(),G19=0), "NEEDS ACTION", IF(G19=0,"Ongoing", IF(G19<=G18,"Closed on time", IF(G19>G18,"Closed late"))))) -> Closed late | I18: =IF(AND(Stage2!C8="",Stage2!D8="",Stage2!E8=""),"",IF(OR(Stage2!C8="X",Stage2!E8=""),"OK","NG")) -> OK | J18: =IF(I18="","",IF(I18="NG",0,((100/4)/10))) -> 2.5 | K18: 1. Actualizar formato oficial / Spare parts list 7 Jun CHN 2. RFQ cotizacion Mauro 3. Gabriel - Equipo de medicion - Leakage test Jit pendiente de confirmar 12 Julio 4. Julieta: Compra de micrometro / caliper / fuente voltaje (Scaner) / Puntas 12 Julio - 16 Agosto - 4 septiembre - 2 Oct 5. Mauro: Colocar PR para compra de partes 12 Julio 6. Fixturas de inyeccion pendientes | L18: Actualizacion de Adam Hall Validar fuente de voltaje equipo de validacion de codigo QR
F19: Real | G19: 45498 | L19: Validar con julieta estatus de fixturas y compra de caliper - Gabriel cotizaciones 20 Sept / Gauge puertos de housing y conector de actuador - Diseño (18 sept) interno SPC atributos
C20: PROJ | E20: Compromiso de Factibilidad del Equipo / Team Feasibility Commitment: | F20: Plan | G20: =+$G$28 -> 45479 | H20: =IF(G20=0, " ", IF(AND(G20<TODAY(),G21=0), "NEEDS ACTION", IF(G21=0,"Ongoing", IF(G21<=G20,"Closed on time", IF(G21>G20,"Closed late"))))) -> Closed late | I20: OK | J20: =IF(I20="","",IF(I20="NG",0,((100/4)/10))) -> 2.5 | K20: 1. Pendiente de firmas 31 May, firmas completas interno (ZAC), en firmas diseño 26 Julio
F21: Real | G21: 45512
C22: ALL | E22: Lecciones aprendidas/ Lessons learned. | F22: Plan | G22: =+$G$28 -> 45479 | H22: =IF(G22=0, " ", IF(AND(G22<TODAY(),G23=0), "NEEDS ACTION", IF(G23=0,"Ongoing", IF(G23<=G22,"Closed on time", IF(G23>G22,"Closed late"))))) -> Closed late | I22: OK | J22: =IF(I22="","",IF(I22="NG",0,((100/4)/10))) -> 2.5 | K22: 1. Julieta S. - Lecciones aprendidas de otras localidades con Valvulas (Wuxi) 19 Julio Contaminacion de particulas en valvula 2. Jesus compartir Lecciones aprendidas Murten 3. Lecciones aprendidas para los productos en curso 22 Julio
F23: Real | G23: 45546
C24: PROJ | E24: Manual de Proveedor / Customer Supplier Manual | F24: Plan | G24: =+$G$28 -> 45479 | H24: =IF(G24=0, " ", IF(AND(G24<TODAY(),G25=0), "NEEDS ACTION", IF(G25=0,"Ongoing", IF(G25<=G24,"Closed on time", IF(G25>G24,"Closed late"))))) -> Closed on time | I24: =IF(AND(Stage2!C12="",Stage2!D12="",Stage2!E12=""),"",IF(OR(Stage2!C12="X",Stage2!E12="X"),"OK","NG")) -> OK | J24: =IF(I24="","",IF(I24="NG",0,((100/4)/10))) -> 2.5 | K24: 1. Pendiente de confrimar Manual ultima revision
F25: Real | G25: 45457
C26: DE | E26: Reporte de Validación del Diseño / DV Report | F26: Plan | G26: =+$G$28 -> 45479 | H26: =IF(G26=0, " ", IF(AND(G26<TODAY(),G27=0), "NEEDS ACTION", IF(G27=0,"Ongoing", IF(G27<=G26,"Closed on time", IF(G27>G26,"Closed late"))))) -> Closed on time | I26: OK | J26: =IF(I26="","",IF(I26="NG",0,((100/4)/10))) -> 2.5
F27: Real | G27: 45292
C28: QE | E28: Lista preliminar de características del cliente / Preliminary Customer Characteristics List: | F28: Plan | G28: =+G31-32 -> 45479 | H28: =IF(G28=0, " ", IF(AND(G28<TODAY(),G29=0), "NEEDS ACTION", IF(G29=0,"Ongoing", IF(G29<=G28,"Closed on time", IF(G29>G28,"Closed late"))))) -> Closed on time | I28: =IF(AND(Stage2!C16="",Stage2!D16="",Stage2!E16=""),"",IF(OR(Stage2!C16="X",Stage2!E16="X"),"OK","NG")) -> OK | J28: =IF(I28="","",IF('Programa APQP'!I28:I29="NG",0,((100/4)/10))) -> 2.5 | K28: 1. Gabriel pendiente de documentar 31 May
F29: Real | G29: 45442
E30: Entregables/ Deliverables | H30: DECISION | I30: OK | J30: =IF(SUM(J10:J29)="","",SUM(J10:J29)) -> 25
C31: QE | D31: Stage 3'!Print_Area | E31: 00.- Checklist de inspección de entrada / Incoming Inspection Checklist | F31: Plan | G31: =+$G$57 -> 45511 | H31: =IF(G31=0, " ", IF(AND(G31<TODAY(),G32=0), "NEEDS ACTION", IF(G32=0,"Ongoing", IF(G32<=G31,"Closed on time", IF(G32>G31,"Closed late"))))) -> Closed on time | I31: OK | J31: =IF(I31="","",IF(I31="NG",0,((100/4)/14))) -> 1.7857143 | K31: Gabriel Pendiente brackets Plan para componentes Inyectados
F32: Real | G32: 45397
A33: 3.18 | C33: PE | E33: 01.- Especificaciones de empaque / Packaging specifications | F33: Plan | G33: =+$G$57 -> 45511 | H33: =IF(G33=0, " ", IF(AND(G33<TODAY(),G34=0), "NEEDS ACTION", IF(G34=0,"Ongoing", IF(G34<=G33,"Closed on time", IF(G34>G33,"Closed late"))))) -> Closed on time | I33: =IF(AND(Stage2!C21="",Stage2!D21="",Stage2!E21=""),"",IF(OR(Stage2!C21="X",Stage2!E21="X"),"OK","NG")) -> OK | J33: =IF(I33="","",IF(I33="NG",0,((100/4)/14))) -> 1.7857143 | K33: HD Terminado
F34: Real | G34: 45427 | L34: DT WS pendiente especificacion
A35: 3.19 | C35: QE | E35: 02.-Cambios en el SGC para fabricar el producto / Changes in the QMS for product manufacturing: | F35: Plan | G35: =+$G$57 -> 45511 | H35: =IF(G35=0, " ", IF(AND(G35<TODAY(),G36=0), "NEEDS ACTION", IF(G36=0,"Ongoing", IF(G36<=G35,"Closed on time", IF(G36>G35,"Closed late"))))) -> Closed late | I35: =IF(AND(Stage2!C23="",Stage2!D23="",Stage2!E23=""),"",IF(OR(Stage2!C23="X",Stage2!E23="X"),"OK","NG")) -> OK | J35: =IF(I35="","",IF(I35="NG",0,((100/4)/14))) -> 1.7857143 | K35: 1. Julieta S. Dar a conocer con el equipo 16 agosto - 3 Septiembre 2. Auditoria Personalizada (por capas) especifica Stellantis Manuel / Rodrigo R.
F36: Real | G36: 45512
A37: 2.24 | C37: PE | E37: 03.- Diagrama de flujo de proceso / Process Flow Chart: | F37: Plan | G37: 45513 | H37: =IF(G37=0, " ", IF(AND(G37<TODAY(),G38=0), "NEEDS ACTION", IF(G38=0,"Ongoing", IF(G38<=G37,"Closed on time", IF(G38>G37,"Closed late"))))) -> Closed late | I37: OK | J37: =IF(I37="","",IF(I37="NG",0,((100/4)/14))) -> 1.7857143 | K37: 1. Validar ultima revision con Jesus y Gabriel (Junta semanal Control Plan, PFMEA) 2. Controlar documento 3rd week september - 1ra semana Octubre
F38: Real | G38: 45544
A39: 2.25 | C39: PE | E39: 04.- Disposición de piso / Floor plan layout: | F39: Plan | G39: =+$G$57 -> 45511 | H39: =IF(G39=0, " ", IF(AND(G39<TODAY(),G40=0), "NEEDS ACTION", IF(G40=0,"Ongoing", IF(G40<=G39,"Closed on time", IF(G40>G39,"Closed late"))))) -> Closed on time | I39: =IF(AND(Stage2!C26="",Stage2!D26="",Stage2!E26=""),"",IF(OR(Stage2!C26="X",Stage2!E26="x"),"OK","NG")) -> OK | J39: =IF(I39="","",IF(I39="NG",0,((100/4)/14))) -> 1.7857143 | K39: Layout completado pendiente de controlar SWS pendiente (PDF, Confirmar linea atornillado)
F40: Real | G40: 45464
A41: 3.11 | C41: QE/PE | E41: 05.- Matriz de características / Characteristics Matrix | F41: Plan | G41: =+$G$57 -> 45511 | H41: =IF(G41=0, " ", IF(AND(G41<TODAY(),G42=0), "NEEDS ACTION", IF(G42=0,"Ongoing", IF(G42<=G41,"Closed on time", IF(G42>G41,"Closed late"))))) -> Closed on time | I41: OK | J41: =IF(I41="","",IF(I41="NG",0,((100/4)/14))) -> 1.7857143 | K41: Jesus / Gabriel 31 Mayo Proceso y producto cerrado
F42: Real | G42: 45450
A43: 3.12 | C43: PE | E43: 0.6- PFMEA | F43: Plan | G43: 45513 | H43: =IF(G43=0, " ", IF(AND(G43<TODAY(),G44=0), "NEEDS ACTION", IF(G44=0,"Ongoing", IF(G44<=G43,"Closed on time", IF(G44>G43,"Closed late"))))) -> Closed late | I43: OK | J43: =IF(I43="","",IF(I43="NG",0,((100/4)/14))) -> 1.7857143 | N43: 1. Revision diaria (preeliminar 5 agosto) 2. Evaluar screwdriver line (4 septiembre) - 11 Sept - 1ra semana Octubre
F44: Real | G44: 45544
A45: 3.16 | C45: QE | E45: 07.- Plan de Control de pre-lanzamiento / Pre-launch Control Plan | F45: Plan | G45: 45513 | H45: =IF(G45=0, " ", IF(AND(G45<TODAY(),G46=0), "NEEDS ACTION", IF(G46=0,"Ongoing", IF(G46<=G45,"Closed on time", IF(G46>G45,"Closed late"))))) -> Closed on time | I45: OK | J45: =IF(I45="","",IF(I45="NG",0,((100/4)/14))) -> 1.7857143 | N45: 1. Revision diaria (preeliminar 5 agosto) 2. Evaluar screwdriver line (4 septiembre) - 11 Sept - 1ra semana Octubre
F46: Real | G46: 45513
A47: 3.17 | C47: PE | E47: 08.- Instrucciones de trabajo / WI | F47: Plan | G47: 45513 | H47: =IF(G47=0, " ", IF(AND(G47<TODAY(),G48=0), "NEEDS ACTION", IF(G48=0,"Ongoing", IF(G48<=G47,"Closed on time", IF(G48>G47,"Closed late"))))) -> Closed late | I47: OK | J47: =IF(I47="","",IF(I47="NG",0,((100/4)/14))) -> 1.7857143 | K47: 1. Jesus / Gabriel / Mauro 15 Julio - 2 Agosto Calidad - Procesos 7 Agosto 2. WI Screwdriver lIne and Pck 9 sept 3. WI bracket 9 sept 4. WI mntto 9 sept - Mauro 1 Semana Octubre | L47: 45553
F48: Real | G48: 45544
A49: 3.13, 3.14 | C49: QE | E49: 09.- Plan de Análisis del Sistema de Medición / MSA Plan | F49: Plan | G49: =+$G$57 -> 45511 | H49: =IF(G49=0, " ", IF(AND(G49<TODAY(),G50=0), "NEEDS ACTION", IF(G50=0,"Ongoing", IF(G50<=G49,"Closed on time", IF(G50>G49,"Closed late"))))) -> Closed on time | I49: OK | J49: =IF(I49="","",IF(I49="NG",0,((100/4)/14))) -> 1.7857143 | K49: Gabriel Confirmar con linea en Planta 14 Junio
F50: Real | G50: 45456
A51: 3.15 | C51: QE/PE | E51: 10.- Plan para el Control Estadístico de Proceso / SPC Plan: | F51: Plan | G51: =+$G$57 -> 45511 | H51: =IF(G51=0, " ", IF(AND(G51<TODAY(),G52=0), "NEEDS ACTION", IF(G52=0,"Ongoing", IF(G52<=G51,"Closed on time", IF(G52>G51,"Closed late"))))) -> Closed on time | I51: OK | J51: =IF(I51="","",IF(I51="NG",0,((100/4)/14))) -> 1.7857143 | K51: Gabriel 14 Junio
F52: Real | G52: 45456
A53: 3.21 | C53: PROJ | E53: 11.- Soporte gerencial / Management Support: | F53: Plan | G53: 45511 | H53: =IF(G53=0, " ", IF(AND(G53<TODAY(),G54=0), "NEEDS ACTION", IF(G54=0,"Ongoing", IF(G54<=G53,"Closed on time", IF(G54>G53,"Closed late"))))) -> Closed on time | I53: OK | J53: =IF(I53="","",IF(I53="NG",0,((100/4)/14))) -> 1.7857143 | K53: Eduardo 22 Julio
F54: Real | G54: 45480
C55: QE | E55: 12.- Reclamos de cliente / Customer concerns. | F55: Plan | G55: 45511 | H55: =IF(G55=0, " ", IF(AND(G55<TODAY(),G56=0), "NEEDS ACTION", IF(G56=0,"Ongoing", IF(G56<=G55,"Closed on time", IF(G56>G55,"Closed late"))))) -> Closed on time | I55: OK | J55: =IF(I55="","",IF(I55="NG",0,((100/4)/14))) -> 1.7857143 | K55: Juliet S. 22 Julio
F56: Real | G56: 45480
C57: PROJ | E57: Revisión de etapa (línea en México) / Stage Revision (line in Mexico): | F57: Plan | G57: 45511 | H57: =IF(G57=0, " ", IF(AND(G57<TODAY(),G58=0), "NEEDS ACTION", IF(G58=0,"Ongoing", IF(G58<=G57,"Closed on time", IF(G58>G57,"Closed late"))))) -> Closed on time | I57: OK | J57: =IF(I57="","",IF(I57="NG",0,((100/4)/14))) -> 1.7857143 | K57: CFT
F58: Real | G58: 45480
E59: Entregables/ Deliverables | H59: DECISION | I59: =IF(COUNTIF(I31:I58,"")=28,"",IF(COUNTIF(I31:I58,"OK")=14,"OK","NG")) -> OK | J59: =IF(SUM(J31:J58)="","",SUM(J31:J58)) -> 25
A60: 4.4, 4.6, 5.4 | C60: PROJ | D60: ETAPA 4 / STAGE 4 | E60: 13.- Corrida de prueba/Piloto (Validación de Proceso) / Trial Run/Pilot Run (PV): | F60: Plan | G60: =+$G$66 -> 45524 | H60: =IF(G60=0, " ", IF(AND(G60<TODAY(),G61=0), "NEEDS ACTION", IF(G61=0,"Ongoing", IF(G61<=G60,"Closed on time", IF(G61>G60,"Closed late"))))) -> Closed late | I60: OK | J60: =IF(I60="","",IF(I60="NG",0,((100/4)/9))) -> 2.7777778 | K60: Corrida pendiente con componentes validados (inyectados)
F61: Real | G61: 45546
A62: 4.7, 5.5 | C62: QE | E62: 14.- Análisis del Sistema de Medición / MSA: | F62: Plan | G62: =+$G$66 -> 45524 | H62: =IF(G62=0, " ", IF(AND(G62<TODAY(),G63=0), "NEEDS ACTION", IF(G63=0,"Ongoing", IF(G63<=G62,"Closed on time", IF(G63>G62,"Closed late"))))) -> Closed late | I62: OK | J62: =IF(I62="","",IF(I62="NG",0,((100/4)/9))) -> 2.7777778 | K62: 70% AVANCE 2 OCTUBRE LEAKAGE TEST TORQUE DE CILINDRO PENDIENTE
F63: Real | G63: 45560
A64: 4.8, 5.6 | C64: QE/PE | E64: 15.- Control Estadístico de Proceso Preliminar / Preliminary SPC: | F64: Plan | G64: =+$G$66 -> 45524 | H64: =IF(G64=0, " ", IF(AND(G64<TODAY(),G65=0), "NEEDS ACTION", IF(G65=0,"Ongoing", IF(G65<=G64,"Closed on time", IF(G65>G64,"Closed late"))))) -> Closed late | I64: OK | J64: =IF(I64="","",IF(I64="NG",0,((100/4)/9))) -> 2.7777778 | K64: CPK DENTRO SPEC
F65: Real | G65: 45562
A66: 4.3 | C66: QE | E66: 16.- PPAP/R@R: | F66: Plan | G66: =+'Portada '!D7 -> 45524 | H66: =IF(G66=0, " ", IF(AND(G66<TODAY(),G67=0), "NEEDS ACTION", IF(G67=0,"Ongoing", IF(G67<=G66,"Closed on time", IF(G67>G66,"Closed late"))))) -> Closed late | I66: OK | J66: =IF(I66="","",IF(I66="NG",0,((100/4)/9))) -> 2.7777778 | K66: Julieta validar reuqerimientos 9/20/2024 10/02/2024
F67: Real | G67: 45568
A68: 5.9 | C68: QE | E68: 17.- Prueba de Validación de Producción / Production Validation Testing: | F68: Plan | G68: 45531 | H68: =IF(G68=0, " ", IF(AND(G68<TODAY(),G69=0), "NEEDS ACTION", IF(G69=0,"Ongoing", IF(G69<=G68,"Closed on time", IF(G69>G68,"Closed late"))))) -> Closed late | I68: OK | J68: =IF(I68="","",IF(I68="NG",0,((100/4)/9))) -> 2.7777778 | K68: Corrida pendiente con componentes validados
F69: Real | G69: 45573
A70: 5.7 | C70: PE | E70: 18.- Evaluación de empaque / Packaging evaluation: | F70: Plan | G70: 45538 | H70: =IF(G70=0, " ", IF(AND(G70<TODAY(),G71=0), "NEEDS ACTION", IF(G71=0,"Ongoing", IF(G71<=G70,"Closed on time", IF(G71>G70,"Closed late"))))) -> Closed late | I70: OK | J70: =IF(I70="","",IF(I70="NG",0,((100/4)/9))) -> 2.7777778 | K70: Validar contra Withe Book, confirmar entrega de Empaque
F71: Real | G71: 45568
C72: QE | E72: 19.- Plan de Control de Producción / Production Control Plan: | F72: Plan | G72: 45560 | H72: =IF(G72=0, " ", IF(AND(G72<TODAY(),G73=0), "NEEDS ACTION", IF(G73=0,"Ongoing", IF(G73<=G72,"Closed on time", IF(G73>G72,"Closed late"))))) -> Closed on time | I72: OK | J72: =IF(I72="","",IF(I72="NG",0,((100/4)/9))) -> 2.7777778 | K72: Documentar proceso de caract criticas 1ra semana Oct
F73: Real | G73: 45560
C74: PE | E74: 20.- Disposición de piso / Floor plan layout: | F74: Plan | G74: 45565 | H74: =IF(G74=0, " ", IF(AND(G74<TODAY(),G75=0), "NEEDS ACTION", IF(G75=0,"Ongoing", IF(G75<=G74,"Closed on time", IF(G75>G74,"Closed late"))))) -> Closed on time | I74: OK | J74: =IF(I74="","",IF(I74="NG",0,((100/4)/9))) -> 2.7777778 | K74: SWS Ya en carpeta
F75: Real | G75: 45562
C76: PROJ | E76: Firma de entrega/Inicio de producción / Sign-OFF/SOP: | F76: Plan | G76: 45658 | H76: =IF(G76=0, " ", IF(AND(G76<TODAY(),G77=0), "NEEDS ACTION", IF(G77=0,"Ongoing", IF(G77<=G76,"Closed on time", IF(G77>G76,"Closed late"))))) -> Closed on time | I76: OK | J76: =IF(I76="","",IF(I76="NG",0,((100/4)/9))) -> 2.7777778
F77: Real | G77: 45575
E78: Entregables/ Deliverables | H78: DECISION | I78: =IF(COUNTIF(I60:I77,"")=18,"",IF(COUNTIF(I60:I77,"OK")=9,"OK","NG")) -> OK | J78: =IF(SUM(J60:J77)="","",SUM(J60:J77)) -> 25
C79: QE/PE | D79: ETAPA 5 / STAGE 5 | E79: 21.- Reducción de variación / Reduced Variation: | F79: Plan | G79: 45778 | H79: =IF(G79=0, " ", IF(AND(G79<TODAY(),G80=0), "NEEDS ACTION", IF(G80=0,"Ongoing", IF(G80<=G79,"Closed on time", IF(G80>G79,"Closed late"))))) -> Closed on time | I79: =IF((COUNTIF('21'!H36:H39,"")+COUNTIF('21'!I36:I39,"")+COUNTIF('21'!J36:J39,""))=12,"",IF((COUNTIF('21'!H36:H39,"X")+COUNTIF('21'!J36:J39,"X")=4),"OK","NG")) | J79: =IF(I79="","",IF(I79="NG",0,((100/4)/6)))
F80: Real | G80: 45703
C81: QE | E81: 22.- Mejora en satisfacción del cliente / Improve customer satisfaction: | F81: Plan | G81: 45778 | H81: =IF(G81=0, " ", IF(AND(G81<TODAY(),G82=0), "NEEDS ACTION", IF(G82=0,"Ongoing", IF(G82<=G81,"Closed on time", IF(G82>G81,"Closed late"))))) -> Closed on time | I81: =IF((COUNTIF('22'!H37:H38,"")+COUNTIF('22'!I37:I38,"")+COUNTIF('22'!J37:J38,""))=6,"",IF((COUNTIF('22'!H37:H38,"X")+COUNTIF('22'!J37:J38,"X")=2),"OK","NG")) | J81: =IF(I81="","",IF(I81="NG",0,((100/4)/6)))
F82: Real | G82: 45731
C83: QE | E83: 23.- Mejora de envíos y servicio / Improved delivery and service: | F83: Plan | G83: 45778 | H83: =IF(G83=0, " ", IF(AND(G83<TODAY(),G84=0), "NEEDS ACTION", IF(G84=0,"Ongoing", IF(G84<=G83,"Closed on time", IF(G84>G83,"Closed late"))))) -> Closed on time | I83: =IF((COUNTIF('23'!H38:H39,"")+COUNTIF('23'!I38:I39,"")+COUNTIF('23'!J38:J39,""))=6,"",IF((COUNTIF('23'!H38:H39,"X")+COUNTIF('23'!J38:J39,"X")=2),"OK","NG")) | J83: =IF(I83="","",IF(I83="NG",0,((100/4)/6)))
F84: Real | G84: 45759
A85: 6.16 | C85: QE/PE | E85: 24.- Uso efectivo de lecciones aprendidas/Mejores prácticas / Effective use of Lesson Learned/Best practice | F85: Plan | G85: 45778 | H85: =IF(G85=0, " ", IF(AND(G85<TODAY(),G86=0), "NEEDS ACTION", IF(G86=0,"Ongoing", IF(G86<=G85,"Closed on time", IF(G86>G85,"Closed late"))))) -> Closed on time | I85: =IF((COUNTIF('24'!H39:H43,"")+COUNTIF('24'!I39:I43,"")+COUNTIF('24'!J39:J43,""))=15,"",IF((COUNTIF('24'!H39:H43,"X")+COUNTIF('24'!J39:J43,"X")=5),"OK","NG")) | J85: =IF(I85="","",IF(I85="NG",0,((100/4)/6)))
F86: Real | G86: 45673
C87: PROJ | E87: 25.- Entrega formal de proyecto a producción / Formal project delivery to production: | F87: Plan | G87: 45778 | H87: =IF(G87=0, " ", IF(AND(G87<TODAY(),G88=0), "NEEDS ACTION", IF(G88=0,"Ongoing", IF(G88<=G87,"Closed on time", IF(G88>G87,"Closed late"))))) -> Closed on time | I87: =IF(COUNTIF('25'!H40:J44,"")=15,"",IF(AND('25'!H40="X",'25'!I41="X",'25'!J42="X",'25'!J43="X",'25'!H44="X"),"OK",IF(COUNTIF('25'!H40:H44,"X")=5,"OK","NG"))) | J87: =IF(I87="","",IF(I87="NG",0,((100/4)/6)))
F88: Real | G88: 45569
C89: PROJ | E89: Revisión de etapa / Stage Revision | F89: Plan | G89: 45778 | H89: =IF(G89=0, " ", IF(AND(G89<TODAY(),G90=0), "NEEDS ACTION", IF(G90=0,"Ongoing", IF(G90<=G89,"Closed on time", IF(G90>G89,"Closed late"))))) -> NEEDS ACTION | I89: =IF('Stage 5'!B43="","",IF((COUNTIF('Stage 5'!B43:B45,"OK")=3),"OK","NG")) | J89: =IF(I89="","",IF(I89="NG",0,((100/4)/6)))
F90: Real
E91: Entregables/ Deliverables | H91: DECISION | I91: =IF(COUNTIF(I79:I90,"")=12,"",IF(COUNTIF(I79:I90,"OK")=6,"OK","NG")) | J91: =IF(SUM(J79:J90)="","",SUM(J79:J90)) -> 0

Sheet DATA
C1: Project leader: | D1: E-MAIL
C2: Giovanna Leal | D2: Giovanna.leal@johnsonelectric.com
C3: Andrea Herrera | D3: Andrea.herrera@johnsonelectric.com
A4: Process Engineer: | B4: G3.0 | C4: Roberto Ramos | D4: Roberto.ramos@johnsonelectric.com
B5: G3S | C5: Roberto Ramos | D5: Roberto.ramos@johnsonelectric.com
B6: G3.5 | C6: Roberto Ramos | D6: Roberto.ramos@johnsonelectric.com
B7: STW | C7: Felipe Ornelas | D7: Felipe.ornelas@johnsonelectric.com
B8: EVD | C8: Mario Silva | D8: Mario.silva@johnsonelectric.com
B9: EXB | C9: Mario Silva | D9: Mario.silva@johnsonelectric.com
B10: HP
B11: LAMINATION | C11: Carlos Ramos | D11: Carlos.ramos@johnsonelectric.com
B12: INJECTION | C12: Luis Sánchez | D12: Luis.sanchez@johnsonelectric.com
B13: CFM | C13: Luis Cortés | D13: Luis.cortes@johnsonelectric.com
A14: Quality Engineer: | B14: G3.0 | C14: Guadalupe Reyes | D14: Guadalupe.reyes@johsonelectric.com
B15: G3S | C15: Ricardo Rivas | D15: Ricardo.rivas@johnsonelectric.com
B16: G3.5 | C16: Elias Varela | D16: Elias.varela@johnsonelectric.com
B17: STW | C17: Guadalupe Reyes | D17: Guadalupe.reyes@johsonelectric.com
B18: HP
B19: EVD | C19: Guadalupe Reyes | D19: Guadalupe.reyes@johsonelectric.com
B20: EXB | C20: Guadalupe Reyes | D20: Guadalupe.reyes@johsonelectric.com
B21: LAMINATION | C21: Elias Varela | D21: Elias.varela@johsonelectric.com
B22: INJECTION | C22: Elias Varela | D22: Elias.varela@johsonelectric.com
B23: CFM | C23: Socorro Castillo | D23: Socorro.castillo@johnsonelectric.com
A24: Supplier Quality Engineer: | C24: Diego Alonso | D24: Diego.alonso@johnsonelectric.com
C25: Diego Alonso | D25: Diego.alonso@johnsonelectric.com
A26: Material management: | C26: Adrianna Miramontes | D26: Adrianna.miramontes@johnsonelectric.com
C27: Adrianna Miramontes | D27: Adrianna.miramontes@johnsonelectric.com
A28: SCS Procurement: | C28: Eliazar González | D28: Eliazar.gonzalez@johnsonelectric.com
A29: EHS Representative: | C29: Noel Ramírez | D29: Noel.ramirez@johnsonelectric.com
A30: Finance rep: | C30: Alejandra Villa | D30: Alejandra.villa@johnsonelectric.com
A31: Foreign trade compliance | C31: Mireya Ramírez | D31: Mireya.ramirez@johnsoneeltric.com
A32: Material Management: | C32: Adrianna Miramontes | D32: Adrianna.miramontes@johnsonelectric.com
A33: Training Coordinator: | C33: Goretti Pérez | D33: Goretti.perez@johnsonelectric.com
A34: Production Representative: | C34: Carlos Jiménez | D34: Carlos.jiménez@johnsonelectric.com
C35: Fermin Flores | D35: Fermin.flores@johnsonelectric.com
A36: Customer Quality Engineer: | C36: Nora Ramírez | D36: Nora.ramirez@johnsonelectric.com
A37: Customer Quality Engineer: | C37: Julieta Solis | D37: Julieta.solis@johnsonelectric.com
A41: Jean Christophe Melmies | B41: Jean.christophe.melmies@johnsonelectric.com
A42: Carlos Torres | B42: Carlos.torres@johnsonelectric.com
A43: Juan Carlos Arizpe | B43: Juancarlos.arizpe@johnsonelectric.com
A44: Óscar Contreras | B44: Oscar.contreras@johnsonelectric.com
A45: Bernardo Marines | B45: Bernardo.marines@johnsonelectric.com
A46: Gabriela Molina | B46: Gabriela.molina@johnsonelectric.com
A50: Aldo Raygoza | B50: Aldo.raygoza@johnsonelectric.com
A51: Carlos Torres | B51: Carlos.torres@johnsonelectric.com
A52: Juan Carlos Arizpe | B52: Juancarlos.arizpe@johnsonelectric.com
A53: Óscar Contreras | B53: Oscar.contreras@johnsonelectric.com
A54: Bernardo Marines | B54: Bernardo.marines@johnsonelectric.com
A55: Gabriela Molina | B55: Gabriela.molina@johnsonelectric.com

Sheet Stage2
B1: =+#REF! -> #REF! | E1: NOTA: Cualquier N/A debe ser justificado en los comentarios NOTE: Any N/A found must be justified in the comments.
B2: Requisito / Requirement | C2: Si / Yes | D2: No | E2: N/A | F2: Comentarios/Acción requerida / Comments/Action required | G2: Responsable / Responsible | H2: Fecha / Date
A3: Información preliminar/ Preliminary information
A4: 1 | B4: ¿Se cuenta con un CFT completado? / Is there a CFT completed? | C4: X | G4: =+'Portada '!$A$15 -> Ingeniero de Proyectos / Project Engineer
A5: 2 | B5: ¿Se cueta con el DFMEA completo? / Is there a DFMEA completed? | C5: X | G5: Ingeniero de diseño / Design Engineer
A6: 3 | B6: ¿Se cuenta con un BOM Preliminar? / Is there a Preliminary BOM? | C6: X | G6: Ingeniero de diseño / Design Engineer
A7: 4 | B7: ¿Los dibujos están disponibles? / Are the drawings availables? | D7: X | F7: Pendiente dibujos de empaque terminados | G7: Ingeniero de diseño / Design Engineer
A8: 5 | B8: ¿Se cuenta con las listas del equipo disponibles? / Are equipment lists available? | C8: X | F8: Compartido por China ya en carpeta APQP | G8: QE/PE
A9: 6 | B9: ¿Se cuenta con un Team Feasibility Commitment firmado? / Is there a Team Feasibility Commitment signed? | D9: X | F9: Pendiente de firmas | G9: =+'Portada '!$A$15 -> Ingeniero de Proyectos / Project Engineer
A10: 7 | B10: ¿Hay lecciones aprendidas documentadas?/ Are there lessons learnt documented? | G10: QE/PE
A11: 8 | B11: ¿Se cuenta con el Manual de Proveedor? / Is there a Customer Supplier Manual? | C11: X | F11: Ya en carpeta APQP | G11: =+'Portada '!$A$15 -> Ingeniero de Proyectos / Project Engineer
A12: 9 | B12: ¿Se proporcionó el Reporte DV?/ Was The DV Report provided? | C12: X | F12: Ya en carpeta APQP | G12: Ingeniero de diseño / Design Engineer
A13: 10 | B13: ¿Se cuenta con el dibujo de cliente?/ Is the Customer Drawing available? | D13: X | F13: Se solicitara dibujos de cliente | G13: =+'Portada '!$A$15 -> Ingeniero de Proyectos / Project Engineer
A14: Dibujos Ingenieriles / Engineering Drawings
A15: 11 | B15: ¿Están las características especiales marcadas en el dibujo y soportadas en el plan de control? / Are special characteristics marked in the drawing and supported in control plan? | C15: X | G15: =+'Portada '!$A$15 -> Ingeniero de Proyectos / Project Engineer
A16: 12 | B16: ¿Puede la tecnología de inspección medir todos los requerimientos del dibujo? / Can inspection technology measure all design requirements? | C16: X | G16: =+'Portada '!$A$15 -> Ingeniero de Proyectos / Project Engineer
A17: 13 | B17: ¿Las tolerancias son compatibles con los estándares de manufactura? DIN ISO 2768 / Are tolerances compatible with accepted manufacturing standards? | C17: X | G17: =+'Portada '!$A$15 -> Ingeniero de Proyectos / Project Engineer
A18: 14 | B18: ¿El cliente aprobó el dibujo de JE? / Customer approved the JE drawing? | C18: X | G18: =+'Portada '!$A$15 -> Ingeniero de Proyectos / Project Engineer
A19: Componentes nuevos / New components
A20: 15 | B20: ¿La lista de los componentes nuevos se encuentra disponible? / Is the list of new components available? (New components format) | C20: X | F20: Sourcing Strategy | G20: =+'Portada '!$A$15 -> Ingeniero de Proyectos / Project Engineer
A21: 16 | B21: ¿Esta lista está alineada con el archivo de seguimiento de RFQ de procuramiento? Is this list aligned with the RFQ tracker file from procurement? | C21: X | G21: Procuramiento de SCS / SCS Procurement
A22: 17 | B22: ¿Se conocen los proveedores de los nuevos materiales? / Are new materials suppliers known? | C22: X | G22: Procuramiento de SCS / SCS Procurement
A23: 18 | B23: ¿Las características especiales del material son identificadas? / Are special material characteristics identified? | C23: X | G23: =+'Portada '!$A$15 -> Ingeniero de Proyectos / Project Engineer
A24: 19 | B24: ¿Se ha considerado el tiempo de entrega de los materiales en los milestones? / Has lead time of materials been considerated in milestones? | C24: X | G24: Procuramiento de SCS / SCS Procurement
A25: 20 | B25: ¿Se cuentan con todas las QRs aplicables para nuevos componentes disponibles ? / Do applicable QRs exist for new components availability? | G25: Procuramiento de SCS / SCS Procurement
A26: 21 | B26: ¿Los TP de nuevos componentes están disponibles? / Are New components TP available? | C26: X | G26: Representante de finanzas / Finance representative
A27: Lista preliminar de características del cliente / Preliminary Customer Characteristics List:
A28: 22 | B28: ¿La lista preliminar de características del cliente se encuentra disponible? / Is the list opreliminary customer characteristics available? (New components format) | D28: X | G28: Ingeniero de diseño / Design Engineer
A29: 23 | B29: ¿Esta lista se encuentra avalada por la firma del cliente? / Is this list endorsed by customer signature? | D29: X | G29: Ingeniero de diseño / Design Engineer

Sheet 00
E1: NOTA: Cualquier N/A debe ser justificado en los comentarios NOTE: Any N/A found must be justified in the comments.
B2: Requisito / Requirement | C2: Si / Yes | D2: No | E2: N/A | F2: Comentarios/Acción requerida / Comments/Action required | G2: Responsable / Responsible | H2: Fecha / Date
A3: 1 | B3: ¿Se tiene un dibujo congelado con la última revisión para completar el IICL? / Is there a frozen drawing with the last revision to complete the IICL? | C3: X | G3: =+'Portada '!$A$15 -> Ingeniero de Proyectos / Project Engineer
A4: 2 | B4: ¿Se cuenta con el formato de IICL para los nuevos componentes? / Is the IICL for new components available? | C4: X | G4: =+'Portada '!$A$16 -> Ingeniero de Calidad / QE
A5: 3 | B5: ¿Se cuenta con el paquete PPAP y PSW de los nuevos componentes? / Is PPAP package and PSW for new components available? | D5: X | F5: Pendiente Valve Seal WK40 | G5: Ingeniero de Calidad de Proveedores / Supplier Quality Engineer
A6: 4 | B6: ¿El IMDS correcto de los componentes está disponible en el portal de JEMX? / Is the right IMDS available in JEMX portal? | C6: X | G6: Ingeniero de Calidad de Proveedores / Supplier Quality Engineer

Sheet 01
E1: NOTA: Cualquier N/A debe ser justificado en los comentarios NOTE: Any N/A found must be justified in the comments.
B2: Requisito / Requirement | C2: Si / Yes | D2: No | E2: N/A | F2: Comentarios/Acción requerida / Comments/Action required | G2: Responsable / Responsible | H2: Fecha / Date
A3: 1 | B3: ¿Se cuentan con especificaciones de empaque del cliente? / Is packaging specification from customer available? | C3: X | G3: =+'Portada '!$A$17 -> Process Engineer / PE
A4: 2 | B4: ¿El empaque mantiene el rendimiento y características del producto durante el empaque, tránsito y desempaque? / Does packaging keep the performance and product characteristics during packaging, transit and unpackaging? | C4: X | G4: =+'Portada '!$A$17 -> Process Engineer / PE
A5: 3 | B5: ¿Se consideran las especificaciones desde el pallet hasta las particiones internas? / Are considered the specifications from the pallet to the internal partitions? | C5: X | G5: =+'Portada '!$A$17 -> Process Engineer / PE
A6: 4 | B6: ¿Se consideran las regulaciones del empaque para los países a los que se exportará el producto? / Are considered packaging regulations for the countries to which the product will be exported? | C6: X | G6: =+'Portada '!$A$17 -> Process Engineer / PE

Sheet 02
E1: NOTA: Cualquier N/A debe ser justificado en los comentarios NOTE: Any N/A found must be justified in the comments.
B2: Requisito / Requirement | C2: Si / Yes | D2: No | E2: N/A | F2: Comentarios/Acción requerida / Comments/Action required | G2: Responsable / Responsible | H2: Fecha / Date
A3: 1 | B3: ¿Son requeridos cambios en el SGC para producir el producto? / Are changes required in the QMS for product manufacturing? | D3: X | F3: Cambios no requeridos | G3: =+'Portada '!$A$16 -> Ingeniero de Calidad / QE
A4: 2 | B4: ¿Se conoce quién es el contacto de calidad con el cliente? / Is customer quality contact known? | C4: X | G4: =+'Portada '!$A$16 -> Ingeniero de Calidad / QE
A5: 3 | B5: ¿Se conoce quién es el contacto de calidad con proveedores? / Is Suppliers Quality contact known? | C5: X | G5: =+'Portada '!$A$16 -> Ingeniero de Calidad / QE
A6: 4 | B6: ¿Se conocen los requerimientos específicos del cliente? (manual de proveedor) / Are customer specific requirements known? (supplier manual)? | C6: X | G6: =+'Portada '!$A$16 -> Ingeniero de Calidad / QE

Sheet 03
E1: NOTA: Cualquier N/A debe ser justificado en los comentarios NOTE: Any N/A found must be justified in the comments.
B2: Requisito / Requirement | C2: Si / Yes | D2: No | E2: N/A | F2: Comentarios/Acción requerida / Comments/Action required | G2: Responsable / Responsible | H2: Fecha / Date | I2: Solicitar los siguientes formatos a DCC / Request DCC the following formats | J2: F7511
A3: 1 | B3: ¿Ilustra el diagrama de flujo la secuencia de producción completa desde la recepción hasta el embarque incluyendo los procesos y servicios que lo soportan? / Does Flowchart show the full production sequence from receipt to shipping including those processes and services supporting it? | C3: X | G3: =+'Portada '!$A$17 -> Process Engineer / PE
A4: 2 | B4: ¿Se incluyen en el diagrama de flujo los puntos de revisión del plan de control y PFMEA? / Are checkpoints of PCP and PFMEA included in the flowchart? | D4: X | F4: Pendiente de revision | G4: =+'Portada '!$A$17 -> Process Engineer / PE
A5: 3 | B5: ¿El diagrama de flujo muestra el tipo de traslado del producto entre operaciones? / Is transfer type of product between operations shown in flow chart? | C5: X | F5: Ya en carpetas APQP | G5: =+'Portada '!$A$17 -> Process Engineer / PE
A6: 4 | B6: ¿El diagrama de flujo ha sido controlado? / Have been Process flow chart controlled? | D6: X | G6: =+'Portada '!$A$17 -> Process Engineer / PE

Sheet 04
E1: NOTA: Cualquier N/A debe ser justificado en los comentarios NOTE: Any N/A found must be justified in the comments.
B2: Requisito / Requirement | C2: Si / Yes | D2: No | E2: N/A | F2: Comentarios/Acción requerida / Comments/Action required | G2: Responsable / Responsible | H2: Fecha / Date
A3: 1 | B3: ¿Se identifican todos los procesos y los puntos de inspección requeridos? / Are all required processes and inspection points identified? | C3: X | G3: =+'Portada '!$A$17 -> Process Engineer / PE
A4: 2 | B4: ¿Han sido claramente identificadas las áreas para todo el material y el equipo necesario para cada operación en la distribución de piso? / Have clearly marked areas for all material and equipment needed at each operation been identified in layout distribution? | C4: X | G4: =+'Portada '!$A$17 -> Process Engineer / PE
A5: 3 | B5: ¿Hay suficiente espacio para todo el equipo? / There is enough space for all equipment? | C5: X | G5: =+'Portada '!$A$17 -> Process Engineer / PE
A6: 4 | B6: ¿Las áreas de inspección son del tamaño e iluminación adecuada? / Have the inspection areas a proper dimension and lighting ? | C6: X | G6: =+'Portada '!$A$17 -> Process Engineer / PE
A7: 5 | B7: ¿Las áreas de retención son adecuadas? / Are retention areas adequate? | C7: X | G7: =+'Portada '!$A$17 -> Process Engineer / PE
A8: 6 | B8: ¿Los puntos de inspección están localizados para prevenir el envío de productos no conformes? / Are inspection points located to prevent shipment of nonconforming products? | C8: X | G8: =+'Portada '!$A$17 -> Process Engineer / PE
A9: 7 | B9: ¿Son los procesos libres de agentes contaminantes? / Are processes free of contaminating agents? | C9: X | G9: =+'Portada '!$A$17 -> Process Engineer / PE
A10: 8 | B10: ¿Son los procesos diseñados para evitar la mezcla de productos? / Are the processes designed to avoid products mix? | C10: X | G10: =+'Portada '!$A$17 -> Process Engineer / PE
A11: 9 | B11: ¿Se ha realizado el formato de requisición de personal necesario? / Has headcount format been made to request needed DL? | C11: X | G11: =+'Portada '!$A$17 -> Process Engineer / PE
A12: 10 | B12: ¿Se cuenta con el plan de reclutamiento disponible por parte de RH? / Is recruitment plan by HR available? | C12: X | G12: Coordinador de Entrenamiento / Training Coordinator
A13: 11 | B13: ¿Ha sido controlado como "Pre-producción"? / Have been it controlled as "Pre-production"? | C13: X | G13: =+'Portada '!$A$17 -> Process Engineer / PE

Sheet 05
E1: NOTA: Cualquier N/A debe ser justificado en los comentarios NOTE: Any N/A found must be justified in the comments.
B2: Requisito / Requirement | C2: Si / Yes | D2: No | E2: N/A | F2: Comentarios/Acción requerida / Comments/Action required | G2: Responsable / Responsible | H2: Fecha / Date | I2: Solicitar los siguientes formatos a DCC / Request DCC the following formats | J2: F7332B
A3: 1 | B3: ¿Se establece la relación entre las operaciones del proceso y las características del producto? / Is the relationship between process and product characteristics established? | C3: X | G3: =+'Portada '!$A$17 -> Process Engineer / PE
A4: 2 | B4: ¿Se identifican aquellas características criticas? / Are critical characteristics identified? | C4: X | G4: =+'Portada '!$A$17 -> Process Engineer / PE
A5: 3 | B5: ¿Ha sido controlado? / Have been it controlled? | D5: X | F5: 3rd wk september | G5: =+'Portada '!$A$17 -> Process Engineer / PE

Sheet 06
E1: NOTA: Cualquier N/A debe ser justificado en los comentarios NOTE: Any N/A found must be justified in the comments.
B2: Requisito / Requirement | C2: Si / Yes | D2: No | E2: N/A | F2: Comentarios/Acción requerida / Comments/Action required | G2: Responsable / Responsible | H2: Fecha / Date | I2: Solicitar los siguientes formatos a DCC / Request DCC the following formats | J2: F7332 F7514G
A3: 1 | B3: ¿El PFMEA se preparó por el CFT?/ Was the PFMEA prepared by CFT? | C3: X | G3: =+'Portada '!$A$17 -> Process Engineer / PE
A4: 2 | B4: ¿Se han considerado controles apropiados para atender los modos de falla? / Have appropriate controls been considered to attend all the failure modes? | C4: X | G4: =+'Portada '!$A$17 -> Process Engineer / PE
A5: 3 | B5: ¿Todas las operaciones enlistadas en el PFMEA coinciden con el Flow Chart? / Are all the operations listed in PFMEA matching with Flow Chart? | C5: X | G5: =+'Portada '!$A$17 -> Process Engineer / PE
A6: 4 | B6: ¿Se marcan de manera consitente las características especiales de acuerdo a la simbología y requerimientos del cliente y/o dibujos? / Are special characteristics marked and are consistent with the symbolism, customer requirements and/or drawings? | C6: X | G6: =+'Portada '!$A$17 -> Process Engineer / PE
A7: 5 | B7: ¿La revisión corresponde a la definida en los dibujos? / Does revision correspond to the defined in drawings? | C7: X | G7: =+'Portada '!$A$17 -> Process Engineer / PE
A8: 6 | B8: ¿Son los planes de mantenimiento preventivo derivados del análisis del PFMEA? / Are preventive maintanance plans derived from PFMEA? | C8: X | G8: =+'Portada '!$A$17 -> Process Engineer / PE
A9: 7 | B9: ¿Los valores para la evaluación de SOD están refereciados al manual de la AIAG? / The values for the SOD evaluation are referenced to the AIAG Manual? | C9: X | G9: =+'Portada '!$A$17 -> Process Engineer / PE
A10: 8 | B10: ¿El nivel de prioridad se decide en base al Método de límite de riesgo (RLM)? / Is priority level based on the Risk Limit Method? | C10: X | G10: =+'Portada '!$A$17 -> Process Engineer / PE
A11: 9 | B11: ¿Existen acciones definidas para la disminución del riesgo para el top identificado? / Does defined actions exist for the top risk decrease? | C11: X | G11: =+'Portada '!$A$17 -> Process Engineer / PE
A12: 10 | B12: ¿Las acciones están enfocadas hacia la reducción del nivel de prioridad "más bajo riesgo (3)"? / Is the aim for the actions focused towards the reduction of priority level "lowest risk (3)"? | C12: X | G12: =+'Portada '!$A$17 -> Process Engineer / PE
A13: 11 | B13: ¿Las matrices del nivel de prioridad se usan correctamente? / Are priority level matrices used correctly? | C13: X | G13: =+'Portada '!$A$17 -> Process Engineer / PE
A14: 12 | B14: ¿La fórmula para el cálculo del RPN es la correcta? (SxOxD) / Is the formula for the calculation of RPN correct? (SxOxD) | C14: X | G14: =+'Portada '!$A$17 -> Process Engineer / PE
A15: 13 | B15: ¿Ha sido controlado? / Have been it controlled? | C15: X | G15: =+'Portada '!$A$17 -> Process Engineer / PE

Sheet 07
E1: NOTA: Cualquier N/A debe ser justificado en los comentarios NOTE: Any N/A found must be justified in the comments.
B2: Requisito / Requirement | C2: Si / Yes | D2: No | E2: N/A | F2: Comentarios/Acción requerida / Comments/Action required | G2: Responsable / Responsible | H2: Fecha / Date | I2: Solicitar los siguientes formatos a DCC / Request DCC the following formats | J2: F7511
A3: 1 | B3: ¿Son los controles identificados en el PFMEA incluidos en el plan de control? / Are the controls identified in the PFMEA included in the control plan? | C3: X | G3: =+'Portada '!$A$16 -> Ingeniero de Calidad / QE
A4: 2 | B4: ¿Todas las operaciones y estaciones son trazables entre FMEA, Process Flow Chart y Control Plan? / Are all operations and stations traceable between PFMEA, Process Flow Chart and Control Plan? | C4: X | G4: =+'Portada '!$A$16 -> Ingeniero de Calidad / QE
A5: 3 | B5: ¿Se identifican los requerimientos de pruebas de ingeniería y dimensionales en el plan de control? / Are the requirements for engineering and dimensional tests identified in the control plan? | C5: X | G5: =+'Portada '!$A$16 -> Ingeniero de Calidad / QE
A6: 4 | B6: ¿Están disponibles los equipos de pruebas y gages marcados en el plan de control? / Are test equipment and gages listed in control plan available? | C6: X | G6: =+'Portada '!$A$16 -> Ingeniero de Calidad / QE
A7: 5 | B7: ¿Se define la cantidad de piezas necesaria para pruebas? / Is defined necessary quantity of pieces for tests? | C7: X | G7: =+'Portada '!$A$16 -> Ingeniero de Calidad / QE
A8: 6 | B8: ¿Son los planes de control correctamente identificados para pre-lanzamiento? / Are control plans properly identified as pre-launch? | C8: X | G8: =+'Portada '!$A$16 -> Ingeniero de Calidad / QE
A9: 7 | B9: ¿La revisión corresponde a la definida en los dibujos? / Does revision correspond to the defined in drawings? | C9: X | G9: =+'Portada '!$A$16 -> Ingeniero de Calidad / QE
A10: 8 | B10: ¿Se marcan de manera consitente las características especiales de acuerdo a la simbología y requerimientos del cliente y/o dibujos? / Are special characteristics marked and are consistent with the symbolism, customer requirements and/or drawings? | C10: X | G10: =+'Portada '!$A$16 -> Ingeniero de Calidad / QE
A11: 9 | B11: ¿Existen planes de reacción definidos en el plan de control y son realizables? / Are achievable reaction plans defined in control plan? | C11: X | G11: =+'Portada '!$A$16 -> Ingeniero de Calidad / QE
A12: 10 | B12: Si se requiere, el cliente ha aprobado el plan de control? / If required, has the customer approved the control plan? | C12: X | G12: =+'Portada '!$A$16 -> Ingeniero de Calidad / QE
B13: ¿El Control Plan hace referencia a los parámetros de procesos listados en la Matriz de Características? / Does Control Plan reference to the process parameters listed in the Characteristic Matrix? | C13: X | G13: =+'Portada '!$A$16 -> Ingeniero de Calidad / QE
A14: 12 | B14: ¿Ha sido controlado? / Have been it controlled? | C14: X | G14: =+'Portada '!$A$17 -> Process Engineer / PE

Sheet 08
I1: NOTA: Cualquier N/A debe ser justificado en los comentarios NOTE: Any N/A found must be justified in the comments.
B2: Requisito / Requirement | C2: Si / Yes | F2: No | I2: N/A | L2: Comentarios/Acción requerida / Comments/Action required | M2: Responsable / Responsible | N2: Fecha / Date | O2: Solicitar los siguientes formatos a DCC / Request DCC the following formats | P2: F7512A WI 7512B II F7514M PMWI F7512B QICL F8530 VA
C3: Calidad / Quality | D3: Procesos / Processes | E3: Mantenimiento / Maintenance | F3: Calidad / Quality | G3: Procesos / Processes | H3: Mantenimiento / Maintenance | I3: Calidad / Quality | J3: Procesos / Processes | K3: Mantenimiento / Maintenance
A4: 1 | B4: ¿Las instrucciones aplicables están disponibles para todas las operaciones/inspecciones? / Are applicable instructions available? | C4: X | D4: X | E4: X | M4: PE / QE / MT
A5: 2 | B5: ¿Se incluyen imágenes y diagramas en las instrucciones? / Are pictures and diagrams included in WI? | C5: X | D5: X | E5: X | M5: PE / QE / MT
A6: 3 | B6: ¿Se cuenta con instrucciones de inspección? / Are inspection instructions available? | C6: X | D6: X | M6: PE / QE / MT
A7: 4 | B7: ¿Se determinan las frecuencias de las acciones conforme al plan de control y FMEA? / Are actions frequencies determined according to control plan and FMEA? | C7: X | D7: X | E7: X | M7: PE / QE / MT
A8: 5 | B8: ¿Se determinan el número de muestras conforme al plan de control y FMEA? / Are sample sizes determined according to control plan and FMEA? | C8: X | D8: X | M8: PE / QE / MT
A9: 6 | B9: ¿Existen planes de reacción documentados en caso de detección de alguna no conformidad? / Are reaction plans documented in case a non-conformance detected? | C9: X | D9: X | E9: X | M9: PE / QE / MT
A10: 7 | B10: ¿Número de documento es legible y rastreable? / Is document number legible and traceable? | C10: X | D10: X | E10: X | M10: PE / QE / MT
A11: 8 | B11: ¿Las instrucciones cuentan con el sello de documento controlado? / Are these instructions stamped as controlled document? | C11: X | D11: X | E11: X | M11: PE / QE / MT
A12: 9 | B12: ¿Se encuentran las instrucciones disponibles en el área de trabajo? / Are instructions available in work area? | C12: X | D12: X | E12: X | M12: PE / QE / MT
A13: 10 | B13: ¿Se cuentan disponibles los manuales de maquinaria y proceso? / Are machinery and process manuals available? | D13: X | E13: X | M13: PE / MT
A14: 11 | B14: ¿Se cuenta con evaluación documentada del entrenamiento y evaluación de los empleados en estas instrucciones de trabajo? / A documented training assessment for employees about work instructions exist? | D14: X | M14: Coordinador de entenamiento / Training Coordinator

Sheet 09
E1: NOTA: Cualquier N/A debe ser justificado en los comentarios NOTE: Any N/A found must be justified in the comments.
B2: Requisito / Requirement | C2: Si / Yes | D2: No | E2: N/A | F2: Comentarios/Acción requerida / Comments/Action required | G2: Responsable / Responsible | H2: Fecha / Date | I2: Solicitar los siguientes formatos a DCC / Request DCC the following formats | J2: F7360
A3: 1 | B3: ¿Se desarrolla el plan del Análisis del Sistema de Medición a partir del plan de control? / Is a MSA plan developed according to Control Plan? | C3: X | G3: =+'Portada '!$A$16 -> Ingeniero de Calidad / QE
A4: 2 | B4: ¿El alcance de laboratorio cubre las pruebas y mediciones descritas por el plan de control? / Are the tests and measurements according to the control plan, covered by laboratory scope? | C4: X | G4: =+'Portada '!$A$16 -> Ingeniero de Calidad / QE
A5: 3 | B5: ¿Los instrumentos se derivan del control plan y su fecha de calibración es vigente? / Are instruments derived from Control plan and its calibration date is not expired yet? | C5: X | G5: =+'Portada '!$A$16 -> Ingeniero de Calidad / QE
A6: 4 | B6: ¿El ingeniero de calidad está capacitado para llevar a cabo estudios de MSA? / Is QE trained to perform MSA studies? | C6: X | G6: =+'Portada '!$A$16 -> Ingeniero de Calidad / QE

Sheet 10
E1: NOTA: Cualquier N/A debe ser justificado en los comentarios NOTE: Any N/A found must be justified in the comments.
B2: Requisito / Requirement | C2: Si / Yes | D2: No | E2: N/A | F2: Comentarios/Acción requerida / Comments/Action required | G2: Responsable / Responsible | H2: Fecha / Date | I2: Solicitar los siguientes formatos a DCC / Request DCC the following formats | J2: F7360
A3: 1 | B3: ¿Son las características evaluadas derivadas del plan de control? / Are the evaluated characteristics derived from control plan? | C3: X | G3: =+'Portada '!$A$16 -> Ingeniero de Calidad / QE
A4: 2 | B4: ¿Son las características evaluadas derivadas de requerimientos del cliente? / Are the characteristics evaluated derived from cutomer requirements? | C4: X | G4: =+'Portada '!$A$16 -> Ingeniero de Calidad / QE
A5: 3 | B5: ¿Las características con inspección 100% se excluyen del SPC, a menos que el cliente especifique lo contrario? / Characteristics with 100% inspection are excluded from SPC. unless otherwise specified by customer? | C5: X | G5: =+'Portada '!$A$16 -> Ingeniero de Calidad / QE
A6: 4 | B6: ¿Se consideran los índices de Ppk/Cpk establecidos por los clientes? / Are the customer established Ppk/Cpk indexes considered ? | C6: X | G6: =+'Portada '!$A$16 -> Ingeniero de Calidad / QE
A7: 5 | B7: ¿El ingeniero de calidad está capacitado para llevar a cabo estudios de SPC? / Is QE trained to perform SPC studies? | C7: X | G7: =+'Portada '!$A$16 -> Ingeniero de Calidad / QE

Sheet 11
E1: NOTA: Cualquier N/A debe ser justificado en los comentarios NOTE: Any N/A found must be justified in the comments.
B2: Requisito / Requirement | C2: Si / Yes | D2: No | E2: N/A | F2: Comentarios/Acción requerida / Comments/Action required | G2: Responsable / Responsible | H2: Fecha / Date | I2: Solicitar los siguientes formatos a DCC / Request DCC the following formats | J2: F5620B F8510
A3: 1 | B3: ¿Se cuentan con registros de las reuniones periódicas del equipo multidisciplinario?/ Are follow up meetings records conducted by the CFT available? | C3: X | G3: =IF('Portada '!$A$14="","",'Portada '!$A$14) -> Líder del proyecto / Project leader
A4: 2 | B4: ¿El personal requerido para la operación de acuerdo al SWS, además de Staff ha sido solicitado? / The personnel required for the operation according to the SWS has been requested? | C4: X | G4: Gerente de operaciones / Operations Manager
A5: 3 | B5: ¿Se cuenta con el plan de reclutamiento disponible por parte de RH? / Is recruitment plan by HR available? | E5: X | G5: Gerente de Recursos Humanos / Human Resources Manager
A6: 4 | B6: ¿Se asegura que las características específicas del cliente son consideradas en los documentos aplicables para calidad? / Have customer specific characteristics been considered in applicable documents for quality? | C6: X | G6: Gerente de Calidad / Quality Manager
A7: 5 | B7: ¿El ingeniero de calidad está capacitado para llevar a cabo estudios de MSA y SPC? / Is QE trained to perform MSA and SPC studies? | C7: X | G7: Gerente de Calidad / Quality Manager
A8: 6 | B8: ¿Se cuentan con todas las QRs aplicables para nuevos componentes disponibles ? / Do applicable QRs exist for new components availability? | C8: X | G8: Gerente de SCS / SCS Manager
A9: 7 | B9: ¿Se cuenta con el archivo de RFQ tracker disponible? / Is RFQ tracker file available? | C9: X | G9: Gerente de SCS / SCS Manager
A10: 8 | B10: ¿Los TP de nuevos componentes están disponibles? / Are New components TP available? | C10: X | G10: Gerente de Finanzas / Finance Manager

Sheet 12
E1: NOTA: Cualquier N/A debe ser justificado en los comentarios NOTE: Any N/A found must be justified in the comments.
B2: Requisito / Requirement | C2: Si / Yes | D2: No | E2: N/A | F2: Comentarios/Acción requerida / Comments/Action required | G2: Responsable / Responsible | H2: Fecha / Date | I2: Solicitar los siguientes formatos a DCC / Request DCC the following formats | J2: F7360
A3: 1 | B3: ¿Durante la etapa 3 existieron "situaciones del cliente"? / During stage 2, did "customer situations" exist? | D3: X | G3: =+'Portada '!$A$16 -> Ingeniero de Calidad / QE
A4: 2 | B4: En caso afirmativo, ¿Se encuentra documentado? / If so, is it documented? | E4: X | G4: =+'Portada '!$A$16 -> Ingeniero de Calidad / QE
A5: 3 | B5: ¿El seguimiento del caso está actualizado? / Is case follow up updated? | E5: X | G5: =+'Portada '!$A$16 -> Ingeniero de Calidad / QE
C6: =IF(C3="X", ("1"), ("0")) -> 0
C7: =IF(C4="X", ("1"), ("0")) -> 0
C8: =IF(C5="X", ("1"), ("0")) -> 0
C9: =IF(#REF!="X", ("1"), ("0")) -> #REF!
C10: =IF(#REF!="X", ("1"), ("0")) -> #REF!
C11: =IF(#REF!="X", ("1"), ("0")) -> #REF!
C12: =IF(#REF!="X", ("1"), ("0")) -> #REF!
C13: =C6+C7+C8+C9+C10+C11+C12 -> #REF!

Sheet Stage 3
D2: Revisión de Etapa 3 / Stage 3 Review
B6: Cliente/Customer: | D6: =IF('Portada '!B7="", " ",+'Portada '!B7) -> Stellantis | E6: Fecha/Date:
B7: Nombre del proyecto/Project Name: | D7: =IF('Portada '!B5="", "",+'Portada '!B5) -> Dahlia Valve Stellantis | E7: Número de parte/Part Number: | F7: =+'Portada '!B6 -> 1722-EJB0033
B10: Si/Yes | C10: No | D10: Requerimiento/Requirement | E10: Comentarios/Comments
B11: X | D11: ¿Todos los puntos del APQP Checklist en la etapa revisada están cerrados? / Are all items of the APQP Checklist closed in the reviewed stage?
B12: X | D12: ¿Todos lo entregables de la etapa revisada fueron validados y auditados por el equipo de proyecto? / All deliverables of the reviewed stage were validated and audited by the project team?
B13: X | D13: ¿Los entregables fueron completados en tiempo de acuerdo a la línea de tiempo del cliente? / Were deliveries completed on time according to customer timeline?
B15: Fecha / Date | D15: Conclusión / Conclusion | E15: Comentarios /Comments
C16: Cierre/ Close | D16: El proyecto puede cerrarse.
C17: Desviación / Deviation | D17: Algunas situaciones menores quedarán abiertas y documentadas en el W3 de la línea
C18: Abierto/ Open | D18: La evidencia de cierre no es suficiente, la revisión necesita reprogramarse
B20: Stage 3 Responsibles
B21: Aprobaciones/Approvals: | D21: Position | E21: Name | F21: Email
D22: Project Engineer: | E22: Eduardo Tejeida | F22: eduardo.tejeida@johnsonelectric.com
D23: Quality Engineer: | E23: Gabriel Romero | F23: gabriel.romero@johnsonelectric.com
D24: Process Engineer: | E24: Jesus Urena | F24: jesus.urena@johnsonelectric.com
D25: Project Leader: | E25: Eduardo Tejeida | F25: eduardo.tejeida@johnsonelectric.com
B27: Manufacturing site Management
B28: Aprobaciones/Approvals: | D28: Position | E28: Name | F28: Email
D29: Operations Manager: | E29: Fermin Flores | F29: fermin.flores@johnsonelectric.com
D30: Quality Manager: | E30: Rodrigo Rabelo | F30: rodrigo.rabelo@johnsonelectric.com
D31: Materials Manager: | E31: Juan Carlos Arizpe | F31: Juancarlos.arizpe@johnsonelectric.com
D32: SCS Manager: | E32: Kevin Swisher | F32: kevin.swisher@jonsonelectric.com
D33: Finance Manager: | E33: Bernardo Marines | F33: Bernardo.marines@johnsonelectric.com
D34: HR Manager: | E34: Claudia Castañeda | F34: claudia.castaneda@johnsonelectric.com
F36: =+#REF! -> #REF!

Sheet 13
E1: NOTA: Cualquier N/A debe ser justificado en los comentarios NOTE: Any N/A found must be justified in the comments.
B2: Requisito / Requirement | C2: Si / Yes | D2: No | E2: N/A | F2: Comentarios/Acción requerida / Comments/Action required | G2: Responsable / Responsible | H2: Fecha / Date | I2: Solicitar los siguientes formatos a DCC / Request DCC the following formats | J2: F7360
A3: 1 | B3: ¿Es el material usado derivado de proveedores aprobados? / Is the material used from approved suppliers? | C3: X | G3: ICP / SQE
A4: 2 | B4: ¿Es el material usado el mismo que se usará para la producción normal?/Is the material used the same that will be used for normal production? | C4: X | G4: Procuramiento SCS / SCS Procurement
A5: 3 | B5: ¿Es el material suficiente para correr la producción especificada para pruebas? / Is enough material to run specific production for trials? | C5: X | G5: =+'[3]Portada '!$A$14 -> Líder del proyecto / Project leader
A6: 4 | B6: ¿La producción de muestras se hizo OT-OP?/ Was sample production made OT-OP? | C6: X | G6: =+'[3]Portada '!$A$17 -> Process Engineer / PE
A7: 5 | B7: ¿Los parámetros de las máquinas son conocidos y documentados? / Are the parameters of the machines known and documented? | C7: X | G7: =+'[3]Portada '!$A$17 -> Process Engineer / PE
A8: 6 | B8: ¿Las condiciones de iluminación son las adecuadas para el tipo de trabajo realizado? / ¿Are lighting conditions adequate for work type realized ? | C8: X | G8: =+'[3]Portada '!$A$17 -> Process Engineer / PE
A9: 7 | B9: ¿Está definido el rate de producción esperado? / Is the expected production rate defined? | C9: X | G9: =+'[3]Portada '!$A$14 -> Líder del proyecto / Project leader
A10: 8 | B10: ¿Está definido el takt time de la línea? / Is takt time line defined? | C10: X | G10: =+'[3]Portada '!$A$14 -> Líder del proyecto / Project leader
A11: 9 | B11: ¿El índice de scrap es definido debajo del permitido 0.35%? / Is scrap index defined to be lower than 0.35 %? | C11: X | G11: =+'[3]Portada '!$A$16 -> Ingeniero de Calidad / QE
A12: 10 | B12: ¿El tiempo muerto de la línea de producción es definido debajo del permitido 10%? / Is downtime metric defined in production line? | C12: X | G12: =+'[3]Portada '!$A$17 -> Process Engineer / PE

Sheet 14
E1: NOTA: Cualquier N/A debe ser justificado en los comentarios NOTE: Any N/A found must be justified in the comments.
B2: Requisito / Requirement | C2: Si / Yes | D2: No | E2: N/A | F2: Comentarios/Acción requerida / Comments/Action required | G2: Responsable / Responsible | H2: Fecha / Date | I2: Solicitar los siguientes formatos a DCC / Request DCC the following formats | J2: WCAL-110803 ANOVA F7600B L&S F7600F Atributos
A3: 1 | B3: ¿Las partes seleccionadas repesentan la variacion total del proceso? / Are these parts representative of the whole process variation? | C3: X | G3: =+'Portada '!$A$16 -> Ingeniero de Calidad / QE
A4: 2 | B4: ¿Se lleva a cabo el proceso de medición de acuerdo a R&R? / Is the R&R process followed up? | C4: X | G4: =+'Portada '!$A$16 -> Ingeniero de Calidad / QE
A5: 3 | B5: ¿El NDC del estudio es => a 5? / Is the NDC => to 5? | C5: X | G5: =+'Portada '!$A$16 -> Ingeniero de Calidad / QE
A6: 4 | B6: ¿La gráfica X-R por operador muestra más del 50% de los puntos por encima de los límites de punto ciego? / Are the points in the X-R chart out of the blind point over 50%? | C6: X | G6: =+'Portada '!$A$16 -> Ingeniero de Calidad / QE
A7: 5 | B7: ¿La gráfica R por operador muestras todos los puntos dentro de los límites de control? / Are all the points in the operator's R chart within the control limits? | C7: X | G7: =+'Portada '!$A$16 -> Ingeniero de Calidad / QE
A8: 6 | B8: ¿Los cambios en la gráfica R indican una buena resolución del instrumento? / Are the changes in the R chart an indication of a proper instrument resolution? | C8: X | G8: =+'Portada '!$A$16 -> Ingeniero de Calidad / QE
A9: 7 | B9: En la gráfica operador contra muestra no se denotan interacciones grandes entre el usuario y la pieza? / In the appraiser vs part chart, is it shown a big interaction between them? | C9: X | G9: =+'Portada '!$A$16 -> Ingeniero de Calidad / QE
A10: 8 | B10: La gráfica de mediciones entre operadores no muestra variaciones importantes? / Does the measurements between appraisers chart show significant variation? | C10: X | G10: =+'Portada '!$A$16 -> Ingeniero de Calidad / QE
A11: 9 | B11: ¿El porcentaje de variación del estudio está por debajo del 10%? / Is the study variation percentage below 10%? | C11: X | G11: =+'Portada '!$A$16 -> Ingeniero de Calidad / QE

Sheet 15
E1: NOTA: Cualquier N/A debe ser justificado en los comentarios NOTE: Any N/A found must be justified in the comments.
B2: Requisito / Requirement | C2: Si / Yes | D2: No | E2: N/A | F2: Comentarios/Acción requerida / Comments/Action required | G2: Responsable / Responsible | H2: Fecha / Date | I2: Solicitar los siguientes formatos a DCC / Request DCC the following formats | J2: F8231 Pre-SPC
A3: 1 | B3: ¿Atienden los índices de Pp, Cp, Ppk y Cpk los requerimientos de los clientes? / Are Pp, Cp, Ppk an Cpk indexes according to customer requirements? | C3: X | G3: =+'Portada '!$A$16 -> Ingeniero de Calidad / QE
A4: 2 | B4: ¿El equipo utilizado para llevar a cabo las mediciones tiene registros de estudios de MSA, calibración y/o verificación? / Does the equipment used to carry out the measurements have MSA study records, calibration and/or verification? | C4: X | G4: =+'Portada '!$A$16 -> Ingeniero de Calidad / QE
A5: 3 | B5: ¿El número de muestras para características de desempeño es de mínimo 100? / Is the number of samples taken for performance characteristics at least of 100? | C5: X | G5: =+'Portada '!$A$16 -> Ingeniero de Calidad / QE
A6: 4 | B6: ¿Son las muestras tomadas de una corrida significativa? / Are the samples taken from a significant run? | C6: X | G6: =+'Portada '!$A$16 -> Ingeniero de Calidad / QE
A7: 5 | B7: ¿Para los procesos que no cumplan con el índice de Ppk, ¿se identifican las causas y hay acciones de mejora? / For processes which Ppk index is non compliant, have causes and actions been identified? | E7: X | G7: =+'Portada '!$A$16 -> Ingeniero de Calidad / QE
A8: 6 | B8: ¿Existe un plan de acción para las características no conformes? / Does an action plan exist for non-conforming characteristics? | C8: X | F8: Action plan para rechazo de actuador | G8: =+'Portada '!$A$16 -> Ingeniero de Calidad / QE | H8: 45566
A9: 7 | B9: En base a los resultados, ¿se definen las características que serán monitoreadas durante la producción regular? / Based on results, are characteristics that will be monitored during regular production defined? | C9: X | G9: =+'Portada '!$A$16 -> Ingeniero de Calidad / QE

Sheet 16
E1: NOTA: Cualquier N/A debe ser justificado en los comentarios NOTE: Any N/A found must be justified in the comments.
B2: Requisito / Requirement | C2: Si / Yes | D2: No | E2: N/A | F2: Comentarios/Acción requerida / Comments/Action required | G2: Responsable / Responsible | H2: Fecha / Date
A3: 1 | B3: ¿Se conoce el nivel de PPAP solicitado por el cliente? / Is PPAP level requested by customer known ? | C3: X | G3: =+'Portada '!$A$16 -> Ingeniero de Calidad / QE
A4: 2 | B4: Registros de diseño / Design Record | C4: X | G4: =+'Portada '!$A$16 -> Ingeniero de Calidad / QE
A5: 3 | B5: Documentos de cambios de ingeniería / Engineering Change Documents | C5: X | G5: =+'Portada '!$A$16 -> Ingeniero de Calidad / QE
A6: 4 | B6: FMEA de diseño / Design FMEA | C6: X | G6: =+'Portada '!$A$16 -> Ingeniero de Calidad / QE
A7: 5 | B7: Diagrama del flujo de proceso / Process Flow Diagram | C7: X | G7: =+'Portada '!$A$16 -> Ingeniero de Calidad / QE
A8: 6 | B8: FMEA de procesos / Process FMEA | C8: X | G8: =+'Portada '!$A$16 -> Ingeniero de Calidad / QE
A9: 7 | B9: Plan de control / Control Plan | C9: X | G9: =+'Portada '!$A$16 -> Ingeniero de Calidad / QE
A10: 8 | B10: Estudios de MSA / MSA Studies | C10: X | G10: =+'Portada '!$A$16 -> Ingeniero de Calidad / QE
A11: 9 | B11: Resultados dimensionales / Dimensional Results | C11: X | G11: =+'Portada '!$A$16 -> Ingeniero de Calidad / QE
A12: 10 | B12: Resultados de pruebas de material y desempeño / Material & Performance test result | C12: X | G12: =+'Portada '!$A$16 -> Ingeniero de Calidad / QE
A13: 11 | B13: Estudio inicial de proceso / Initial Process Study | C13: X | G13: =+'Portada '!$A$16 -> Ingeniero de Calidad / QE
A14: 12 | B14: Documentación del laboratorio / Qualified Laboratory Documentation | C14: X | G14: =+'Portada '!$A$16 -> Ingeniero de Calidad / QE
A15: 13 | B15: Reporte de aprobación de apariencia / Appearance Approval Report | E15: X | G15: =+'Portada '!$A$16 -> Ingeniero de Calidad / QE
A16: 14 | B16: Partes de muestra de producción / Sample Production Parts | C16: X | G16: =+'Portada '!$A$16 -> Ingeniero de Calidad / QE
A17: 15 | B17: Muestra maestra / Master Sample | C17: X | G17: =+'Portada '!$A$16 -> Ingeniero de Calidad / QE
A18: 16 | B18: Ayudas visuales / Checking Aids | C18: X | G18: =+'Portada '!$A$16 -> Ingeniero de Calidad / QE
A19: 17 | B19: Registros de cumplimiento / Records of Compliance | C19: X | G19: =+'Portada '!$A$16 -> Ingeniero de Calidad / QE
A20: 18 | B20: Garantía del envío de piezas / Part Submission Warrant | C20: X | G20: =+'Portada '!$A$16 -> Ingeniero de Calidad / QE
A21: 19 | B21: Datos de IMDS / IMDS Data | C21: X | G21: =+'Portada '!$A$16 -> Ingeniero de Calidad / QE

Sheet 17
E1: NOTA: Cualquier N/A debe ser justificado en los comentarios NOTE: Any N/A found must be justified in the comments.
B2: Requisito / Requirement | C2: Si / Yes | D2: No | E2: N/A | F2: Comentarios/Acción requerida / Comments/Action required | G2: Responsable / Responsible | H2: Fecha / Date
A3: 1 | B3: ¿Se tiene un plan de pruebas de PV desarrollado por ingeniería? / Is a PV test plan developed by engineering? | C3: X | G3: Equipo de calidad para lanzamientos
A4: 2 | B4: ¿La evaluación del dimensional de las partes está disponible? / Is parts dimensional test available? | C4: X | G4: Equipo de calidad para lanzamientos
A5: 3 | B5: ¿La evaluación del desempeño de las partes está disponible? / Is parts performance test available? | C5: X | G5: Equipo de calidad para lanzamientos
A6: 4 | B6: ¿Los resultados del PV test son satisfactorios? / Are PV test results satisfactory? | C6: X | G6: Equipo de calidad para lanzamientos

Sheet 18
E1: NOTA: Cualquier N/A debe ser justificado en los comentarios NOTE: Any N/A found must be justified in the comments.
B2: Requisito / Requirement | C2: Si / Yes | D2: No | E2: N/A | F2: Comentarios/Acción requerida / Comments/Action required | G2: Responsable / Responsible | H2: Fecha / Date
A3: 1 | B3: ¿Se ejecutan pruebas de transportación para validar la efectividad del empaque? / Are transportation tests performed to evaluate the packaging effectiveness? | C3: X | F3: Prueba en desarrollo | G3: =+'Portada '!$A$17 -> Process Engineer / PE | H3: 45597
A4: 2 | B4: ¿Se evalúa la efectividad del empaque en cuanto a la protección del producto bajo condiciones normales? / Is the packaging effectiveness evaluated in terms of product protection under normal conditions? | C4: X | F4: Prueba en desarrollo | G4: =+'Portada '!$A$17 -> Process Engineer / PE | H4: 45597

Sheet 19
E1: NOTA: Cualquier N/A debe ser justificado en los comentarios NOTE: Any N/A found must be justified in the comments.
B2: Requisito / Requirement | C2: Si / Yes | D2: No | E2: N/A | F2: Comentarios/Acción requerida / Comments/Action required | G2: Responsable / Responsible | H2: Fecha / Date | I2: Solicitar los siguientes formatos a DCC / Request DCC the following formats | J2: F7511
A3: 1 | B3: ¿Son los controles identificados en el PFMEA incluidos en el plan de control? / Are the controls identified in the PFMEA included in the control plan? | C3: X | G3: =+'Portada '!$A$16 -> Ingeniero de Calidad / QE
A4: 2 | B4: ¿Todas las operaciones y estaciones son trazables entre FMEA, Process Flow Chart y Control Plan? / Are all operations and stations traceable between PFMEA, Process Flow Chart and Control Plan? | C4: X | G4: =+'Portada '!$A$16 -> Ingeniero de Calidad / QE
A5: 3 | B5: ¿Se identifican los requerimientos de pruebas de ingeniería y dimensionales en el plan de control? / Are the requirements for engineering and dimensional tests identified in the control plan? | C5: X | G5: =+'Portada '!$A$16 -> Ingeniero de Calidad / QE
A6: 4 | B6: ¿Se define la cantidad de piezas necesaria para pruebas? / Is defined necessary quantity of pieces for tests? | C6: X | G6: =+'Portada '!$A$16 -> Ingeniero de Calidad / QE
A7: 5 | B7: ¿Son los planes de control correctamente identificados para producción? / Are control plans properly identified as production? | C7: X | G7: =+'Portada '!$A$16 -> Ingeniero de Calidad / QE
A8: 6 | B8: ¿La revisión corresponde a la definida en los dibujos? / Does revision correspond to the defined in drawings? | C8: X | G8: =+'Portada '!$A$16 -> Ingeniero de Calidad / QE
A9: 7 | B9: ¿El número de revisión del plan de control es rastreable hacia PFMEA, Diagrama de flujo, Instrucciones de trabajo? / Is the Control plan revision number traceable to PFMEA, Flowchart and WI? | C9: X | G9: =+'Portada '!$A$16 -> Ingeniero de Calidad / QE
A10: 8 | B10: Si se requiere, ¿el cliente ha aprobado el plan de control? / If required, has the customer approved the control plan? | C10: X | G10: =+'Portada '!$A$16 -> Ingeniero de Calidad / QE

Sheet 20
E1: NOTA: Cualquier N/A debe ser justificado en los comentarios NOTE: Any N/A found must be justified in the comments.
B2: Requisito / Requirement | C2: Si / Yes | D2: No | E2: N/A | F2: Comentarios/Acción requerida / Comments/Action required | G2: Responsable / Responsible | H2: Fecha / Date
A3: 1 | B3: ¿Se identifican todos los procesos y los puntos de inspección requeridos? / Are all required processes and inspection points identified? | C3: X | G3: =+'Portada '!$A$17 -> Process Engineer / PE
A4: 2 | B4: ¿Han sido claramente identificadas las áreas para todo el material y el equipo necesario para cada operación en la distribución de piso? / Have clearly marked areas for all material and equipment needed at each operation been identified in layout distribution? | C4: X | G4: =+'Portada '!$A$17 -> Process Engineer / PE
A5: 3 | B5: ¿Hay suficiente espacio para todo el equipo? / There is enough space for all equipment? | C5: X | G5: =+'Portada '!$A$17 -> Process Engineer / PE
A6: 4 | B6: ¿Las áreas de inspección son del tamaño e iluminación adecuada? / Have the inspection areas a proper dimension and lighting ? | C6: X | G6: =+'Portada '!$A$17 -> Process Engineer / PE
A7: 5 | B7: ¿Las áreas de retención son adecuadas? / Are retention areas adequate? | C7: X | G7: =+'Portada '!$A$17 -> Process Engineer / PE
A8: 6 | B8: ¿Los puntos de inspección están localizados para prevenir el envío de productos no conformes? / Are inspection points located to prevent shipment of nonconforming products? | C8: X | G8: =+'Portada '!$A$17 -> Process Engineer / PE
A9: 7 | B9: ¿Son los procesos libres de agentes contaminantes? / Are processes free of contaminating agents? | C9: X | G9: =+'Portada '!$A$17 -> Process Engineer / PE
A10: 8 | B10: ¿Son los procesos diseñados para evitar la mezcla de productos? / Are the processes designed to avoid products mix? | C10: X | G10: =+'Portada '!$A$17 -> Process Engineer / PE
A11: 9 | B11: ¿Se ha realizado el formato de requisición de personal necesario? / Has headcount format been made to request needed DL? | E11: X | F11: Personal reubicado de P1 | G11: =+'Portada '!$A$17 -> Process Engineer / PE
A12: 10 | B12: ¿Se cuenta con el plan de reclutamiento disponible por parte de RH? / Is recruitment plan by HR available? | E12: X | F12: Personal reubicado de P1 | G12: Coordinador de Entrenamiento / Training Coordinator
A13: 11 | B13: ¿Ha sido controlado como "Producción"? / Have been it controlled as "Production"? | C13: X | G13: =+'Portada '!$A$17 -> Process Engineer / PE

Sheet Stage 4
D2: Revisión de Etapa 4 / Stage 4 Review
B6: Cliente/Customer: | D6: =IF('Portada '!B7="", " ",+'Portada '!B7) -> Stellantis | E6: Fecha/Date:
B7: Nombre del proyecto/Project Name: | D7: =IF('Portada '!B5="", "",+'Portada '!B5) -> Dahlia Valve Stellantis | E7: Número de parte/Part Number: | F7: =+'Portada '!B6 -> 1722-EJB0033
B10: Si/Yes | C10: No | D10: Requerimiento/Requirement | E10: Comentarios/Comments
B11: X | D11: ¿Todos los puntos del APQP Checklist en la etapa revisada están cerrados? / Are all items of the APQP Checklist closed in the reviewed stage?
B12: X | D12: ¿Todos lo entregables de la etapa revisada fueron validados y auditados por el equipo de proyecto? / All deliverables of the reviewed stage were validated and audited by the project team?
B13: X | D13: ¿Los entregables fueron completados en tiempo de acuerdo a la línea de tiempo del cliente? / Were deliveries completed on time according to customer timeline?
B15: Fecha / Date | D15: Conclusión / Conclusion | E15: Comentarios /Comments
C16: Cierre/ Close | D16: El proyecto puede cerrarse.
C17: Desviación / Deviation | D17: Algunas situaciones menores quedarán abiertas y documentadas en el W3 de la línea
C18: Abierto/ Open | D18: La evidencia de cierre no es suficiente, la revisión necesita reprogramarse
B20: Stage 4 Responsibles
B21: Aprobaciones/Approvals: | D21: Position | E21: Name | F21: Email
D22: Project Engineer: | E22: Eduardo Tejeida | F22: eduardo.tejeida@johnsonelectric.com
D23: Quality Engineer: | E23: Gabriel Romero | F23: gabriel.romero@johnsonelectric.com
D24: Process Engineer: | E24: Jesus Urena | F24: jesus.urena@johnsonelectric.com
D25: Project Leader: | E25: Eduardo Tejeida | F25: eduardo.tejeida@johnsonelectric.com
B27: Manufacturing site Management
B28: Aprobaciones/Approvals: | D28: Position | E28: Name | F28: Email
D29: Operations Manager: | E29: Fermin Flores | F29: fermin.flores@johnsonelectric.com
D30: Quality Manager: | E30: Rodrigo Rabelo | F30: rodrigo.rabelo@johnsonelectric.com
D31: Materials Manager: | E31: Juan Carlos Arizpe | F31: Juancarlos.arizpe@johnsonelectric.com
D32: SCS Manager: | E32: Kevin Swisher | F32: kevin.swisher@jonsonelectric.com
D33: Finance Manager: | E33: Bernardo Marines | F33: Bernardo.marines@johnsonelectric.com
D34: HR Manager: | E34: Claudia Castañeda | F34: claudia.castaneda@johnsonelectric.com
F36: =+#REF! -> #REF!

Sheet 21
E1: NOTA: Cualquier N/A debe ser justificado en los comentarios NOTE: Any N/A found must be justified in the comments.
B2: Requisito / Requirement | C2: Si / Yes | D2: No | E2: N/A | F2: Comentarios/Acción requerida / Comments/Action required | G2: Responsable / Responsible | H2: Fecha / Date | I2: Solicitar los siguientes formatos a DCC / Request DCC the following formats | J2: F8230D SPC F8222 LPA
A3: 1 | B3: ¿Gráficas de control son utilizadas para identificar las causas de variación en el proceso? / Are control charts used to identify the variation causes in the process (form F8230D)? | C3: X | G3: =+'Portada '!$A$16 -> Ingeniero de Calidad / QE
A4: 2 | B4: ¿Un análisis de las gráficas es utilizado y las acciones correctivas necesarias son tomadas para reducir la variación del proceso? / A chart analysis is used and the corrective actions needed are performed in order to reduce the process variation? | C4: X | G4: =+'Portada '!$A$16 -> Ingeniero de Calidad / QE
A5: 3 | B5: ¿Se crean auditorías de capas para verificar que los operadores siguen los procesos de forma estándar? / Are LPAs created to verify that operators are following standardized processes? | C5: X | G5: =+'Portada '!$A$16 -> Ingeniero de Calidad / QE
A6: 4 | B6: ¿En el checklist de LPA se define la frecuencia? / Is frequency defined in LPA checklist? | C6: X | G6: =+'Portada '!$A$16 -> Ingeniero de Calidad / QE

Sheet 22
E1: NOTA: Cualquier N/A debe ser justificado en los comentarios NOTE: Any N/A found must be justified in the comments.
B2: Requisito / Requirement | C2: Si / Yes | D2: No | E2: N/A | F2: Comentarios/Acción requerida / Comments/Action required | G2: Responsable / Responsible | H2: Fecha / Date
A3: 1 | B3: ¿Se cuenta con acceso al scorecard u otro medio para medir la satisfacción del cliente hacia nosotros? / Is there access to the customer scorecard or any other means available to measure the customer satisfaction to us? | C3: X | G3: =+'Portada '!$A$16 -> Ingeniero de Calidad / QE
A4: 2 | B4: ¿Se conoce el contacto principal de la planta con el cliente y se tienen sus datos de contacto actualizados? / Is the main contact with the customer known with the latest contact information? | C4: X | G4: =+'Portada '!$A$16 -> Ingeniero de Calidad / QE

Sheet 23
E1: NOTA: Cualquier N/A debe ser justificado en los comentarios NOTE: Any N/A found must be justified in the comments.
B2: Requisito / Requirement | C2: Si / Yes | D2: No | E2: N/A | F2: Comentarios/Acción requerida / Comments/Action required | G2: Responsable / Responsible | H2: Fecha / Date
A3: 1 | B3: ¿Se conocen las evaluaciones de los clientes en entregas y servicio por todo el personal directamente involucrado? / Are the service and delivery scores known by the directly involved personnel? | C3: X | G3: Ingeniero de Calidad del Cliente / Customer Quality Engineer
A4: 2 | B4: ¿Se tienen los mecanismos definidos para abordar problemas del cliente por parte del personal involucrado? / Are the mechanisms defined for customer complaints available for the directly involved personnel? | G4: Ingeniero de Calidad del Cliente / Customer Quality Engineer

Sheet 24
E1: NOTA: Cualquier N/A debe ser justificado en los comentarios NOTE: Any N/A found must be justified in the comments.
B2: Requisito / Requirement | C2: Si / Yes | D2: No | E2: N/A | F2: Comentarios/Acción requerida / Comments/Action required | G2: Responsable / Responsible | H2: Fecha / Date
A3: 1 | B3: ¿Se presentaron reclamos de cliente durante el desarrollo de las 5 etapas? There was customer complains during development of 5 phases? | D3: X | G3: =+'Portada '!$A$16 -> Ingeniero de Calidad / QE
A4: 2 | B4: ¿Las acciones correctivas de los reclamos están documentadas en PFMEA y Control plan? / Are corrective actions documented in PFMEA and Control pan? | E4: X | G4: =+'Portada '!$A$16 -> Ingeniero de Calidad / QE
A5: 3 | B5: ¿Existen Lecciones aprendidas documentadas de situaciones internas derivadas de safe launch? / There are lessons learned of internal situations derived of safe launch documented? | C5: X | F5: Action plan generado y cerrado | G5: =+'Portada '!$A$16 -> Ingeniero de Calidad / QE | H5: 45570
A6: 4 | B6: ¿Las Lecciones aprendidas están documentadas en PFMEA y Control plan? / Are lessons learned documented in PFMEA and Control plan? | E6: X | G6: =+'Portada '!$A$16 -> Ingeniero de Calidad / QE
A7: 5 | B7: ¿Los líderes de línea y los supervisores de producción han sido considerados en el estudio de las lecciones aprendidas? / Have been production leaders and supervisor considered in lessons learned study? | C7: X | G7: Representante de producción / Production representative

Sheet 25
E1: NOTA: Cualquier N/A debe ser justificado en los comentarios NOTE: Any N/A found must be justified in the comments.
B2: Requisito / Requirement | C2: Si / Yes | D2: No | E2: N/A | F2: Comentarios/Acción requerida / Comments/Action required | G2: Responsable / Responsible | H2: Fecha / Date | I2: Solicitar los siguientes formatos a DCC / Request DCC the following formats | J2: F7311F
A3: 1 | B3: ¿El programa se ha monitoreado mínimo 3 meses? / Has the program been monitored at least for 3 months? | E3: X | G3: =+'Portada '!$A$14 -> Líder del proyecto / Project leader
A4: 2 | B4: ¿Existe un acuerdo de compra (PO) del herramental por parte del cliente? / Is there a purchase agreement of tooling by customer? | C4: X | G4: =+'Portada '!$A$14 -> Líder del proyecto / Project leader
A5: 3 | B5: Si aplica ¿El herramental/maquinaria comprado por el cliente está correctamente identificado? / If applicable, Are tooling/machines bought by customer correctly identified? | C5: X | G5: Finanzas - tool room / Finance - tool room
A6: 4 | B6: Si aplica ¿El herramental/maquinaria está correctamente facturado con el cliente? / If applicable, Are tooling and machines correctly invoiced with customer? | C6: X | G6: Finanzas / Finance
A7: 5 | B7: ¿Se cumple con el índice de capacidad establecido por el cliente? / Is Cpk compliant according to customer requirements? | C7: X | G7: =+'Portada '!$A$14 -> Líder del proyecto / Project leader

Sheet Stage 5
D2: Revisión de Etapa 5 / Stage 5 Review
B6: Cliente/Customer: | D6: =IF('Portada '!B7="", " ",+'Portada '!B7) -> Stellantis | E6: Fecha/Date:
B7: Nombre del proyecto/Project Name: | D7: =IF('Portada '!B5="", "",+'Portada '!B5) -> Dahlia Valve Stellantis | E7: Número de parte/Part Number: | F7: =IF('Portada '!B6="","",+'Portada '!D6) -> 47392
B10: Si/Yes | C10: No | D10: Requerimiento/Requirement | E10: Comentarios/Comments
B11: X | D11: ¿Todos los puntos del APQP Checklist en la etapa revisada están cerrados? / Are all items of the APQP Checklist closed in the reviewed stage?
B12: X | D12: ¿Todos lo entregables de la etapa revisada fueron validados y auditados por el equipo de proyecto? / All deliverables of the reviewed stage were validated and audited by the project team?
B13: X | D13: ¿Los entregables fueron completados en tiempo de acuerdo a la línea de tiempo del cliente? / Were deliveries completed on time according to customer timeline?
B15: Fecha / Date | D15: Conclusión / Conclusion | E15: Comentarios /Comments
C16: Cierre/ Close | D16: El proyecto puede cerrarse.
C17: Desviación / Deviation | D17: Algunas situaciones menores quedarán abiertas y documentadas en el W3 de la línea
C18: Abierto/ Open | D18: La evidencia de cierre no es suficiente, la revisión necesita reprogramarse
B20: Stage 3 Responsibles
B21: Aprobaciones/Approvals: | D21: Position | E21: Name | F21: Email
D22: Project Engineer: | E22: Eduardo Tejeida | F22: eduardo.tejeida@johnsonelectric.com
D23: Quality Engineer: | E23: Gabriel Romero | F23: gabriel.romero@johnsonelectric.com
D24: Process Engineer: | E24: Jesus Urena | F24: jesus.urena@johnsonelectric.com
D25: Project Leader: | E25: Eduardo Tejeida | F25: eduardo.tejeida@johnsonelectric.com
B27: Manufacturing site Management
B28: Aprobaciones/Approvals: | D28: Position | E28: Name | F28: Email
D29: Operations Manager: | E29: Fermin Flores | F29: fermin.flores@johnsonelectric.com
D30: Quality Manager: | E30: Rodrigo Rabelo | F30: rodrigo.rabelo@johnsonelectric.com
D31: Materials Manager: | E31: Juan Carlos Arizpe | F31: Juancarlos.arizpe@johnsonelectric.com
D32: SCS Manager: | E32: Kevin Swisher | F32: kevin.swisher@jonsonelectric.com
D33: Finance Manager: | E33: Bernardo Marines | F33: Bernardo.marines@johnsonelectric.com
D34: HR Manager: | E34: Claudia Castañeda | F34: claudia.castaneda@johnsonelectric.com
F36: =+#REF! -> #REF!

Sheet Buy off preparation checklist
A1: Buy off Checklist
B3: BU: | C3: =+#REF! -> #REF! | G3: Part number / Tool / Line: | H3: =IF('Portada '!B6=0,"",'Portada '!$B$6) -> 1722-EJB0033 | K3: / | N3: / | O3: =IF('Portada '!$B$9=0,"",'Portada '!$B$9) -> Dahlia Valve | X3: Review & Approved PE: | Y3: =+'Portada '!B17 -> Jesus Urena
B4: Champion: | G4: Asset / Serial Number: | X4: Review & Approved QE: | Y4: =+'Portada '!B16 -> Gabriel Romero
B5: Creation: | G5: Type of Equipment/Line: | X5: Review & Approved LM: | Y5: =IF('Portada '!B14=0,"",'Portada '!B14) -> Mohamed Niaz
A7: No | B7: Categories | C7: Description | D7: Abbreviation | E7: Priority level | F7: Accountability | U7: CnS Applicable | V7: FINAL ASSEMBLY Applicable | W7: Advanced receiving | X7: Counterpart contact | Y7: Sub-criteria | Z7: Status in %
F8: Business Development Management (BDM) | G8: SDE/SQA (SQE Director) | H8: Finance/Controller | I8: COE Expert | J8: Project / Program Mgr. /Director (PjM) | K8: Engineering Manager (EM) | L8: Design Eng.(DE) | M8: Process Engineering (PsE) | N8: Production Engineering (PE) | O8: Quality & Reliability (QE) | P8: Preventive Maintenance | Q8: Order Management Centre (OMC) | R8: Production Material Control (PMC) | S8: Test Engineering | T8: Logistic
A9: 1 | B9: Process | C9: Bill of Material | D9: BOM | E9: High | M9: R | U9: Yes | V9: Yes | W9: Yes | X9: TBD | Y9: a) actual and unique BOM list b) responsible person (Engineering, Planning); CFT Team c) check BOM with existing condition d) BOM must be revised in advance e) aligned with drawing | AB9: Legend: | AC9: R - Responsible; For actually doing C - Consulted; Provide consultation and assistance
A10: 2 | B10: Product | C10: Drawings | E10: High | L10: R | M10: R | O10: R | U10: Yes | V10: Yes | W10: Yes | X10: TBD | Y10: a) collect official drawing from DCC b) set up receiving site users/access c) outline, subassembly, components
A11: 3 | B11: Product | C11: Product and Process Special Characteristics Matrix | D11: SX Matrix | E11: Medium | L11: R | O11: R | U11: No | V11: Yes | W11: Yes | X11: TBD | Y11: a) KPC must be according to outline drawing b) verification of SPC points
A12: 4 | B12: Product | C12: Design Failure Mode and Effect Analysis | D12: DFMEA | E12: Medium | L12: R | M12: C | O12: C | U12: No | V12: Yes | W12: Yes | X12: TBD
A13: 5 | B13: Process | C13: Operation Sheet | D13: OS | E13: High | M13: R | U13: Yes | V13: Yes | W13: / | X13: TBD
A14: 6 | B14: Process | C14: Specification Card | D14: SC | E14: High | M14: R | O14: R | U14: No | V14: Yes | W14: / | X14: TBD
A15: 7 | B15: Product | C15: Production Routing | D15: ERP | E15: Medium | M15: R | U15: No | V15: Yes | W15: Yes | X15: TBD
A16: 8 | B16: Process | C16: Process Manual | D16: PM | E16: High | M16: R | U16: No | V16: Yes | W16: Yes | X16: TBD | Y16: a) check PM revision b) check PM actuality by depending Buy off line c) check specification, process name etc. with related documents
A17: 9 | B17: Process | C17: Process Failure Mode and Effect Analysis | D17: PFMEA | E17: High | M17: R | O17: C | U17: Yes | V17: Yes | W17: Yes | X17: TBD | Y17: a) check actuality of PFMEA b) check specification, process name etc. with related documents
A18: 10 | B18: Process | C18: Process Flow Chart | D18: PFC | E18: High | M18: R | U18: Yes | V18: Yes | W18: / | X18: TBD | Y18: a) check PFC revision b) check PFC actuality by depending with Buy off line c) check specification, process name etc. with related documents
A19: 11 | B19: Quality | C19: Test Operation Instruction | D19: TOI | E19: High | M19: R | O19: R | U19: Yes | V19: Yes | W19: / | X19: TBD
A20: 12 | B20: Quality | C20: Outgoing Inspection Standard | D20: OIS | E20: High | O20: R | U20: No | V20: Yes | W20: / | X20: TBD | Y20: a) check actuality b) check specification, process name etc. with related documents
A21: 13 | B21: Process | C21: Lessons learned/One Point Lecture | D21: OPL | E21: High | O21: R | U21: Yes | V21: Yes | W21: / | X21: TBD | Y21: a) check implementation
A22: 14 | B22: Quality | C22: Quality Work Instruction | D22: QWI | E22: High | O22: R | U22: Yes | V22: Yes | W22: / | X22: TBD | Y22: a) check actuality of QWI
A23: 15 | B23: Quality | C23: Process Control Plan | D23: PCP | E23: High | M23: C | O23: R | U23: Yes | V23: Yes | W23: Yes | X23: TBD | Y23: a) check PCP revision b) check PCP actuality by depending with Buy off line c) check specification, process name etc. with related documents
A24: 16 | B24: Process | C24: Preventive Maintenance Work Instruction and PM Card | D24: PMWI / PMCard | E24: High | M24: R | P24: R | U24: Yes | V24: Yes | W24: / | X24: TBD | Y24: a) check PMWI by depending with Buy off line
A25: 17 | B25: Process | C25: Desviación / Deviation | D25: SWS | E25: High | M25: R | U25: Yes | V25: Yes | W25: / | X25: TBD | Y25: a) check actuality by depending with Buy off line
A26: 18 | B26: Product | C26: Equipment check list for Operator | D26: TPM | E26: Medium | M26: R | N26: R | U26: Yes | V26: Yes | W26: / | X26: TBD
A27: 19 | B27: Machine/Tool/Fixture | C27: Should Be Condition | D27: SBC | E27: High | M27: R | P27: C | U27: Yes | V27: Yes | W27: / | X27: TBD | Y27: a) check should be condition content b) available and signed should be condition check list
A28: 20 | B28: Validation | C28: Sample Evaluation Report | D28: SER | E28: High | M28: C | O28: R | U28: Yes | V28: Yes | W28: / | X28: TBD | Y28: a) check sample evaluation report for related parts (Buy off)
A29: 21 | B29: Validation | C29: Process Capability Study | D29: PPK/CPK | E29: High | M29: R | O29: C | U29: Yes | V29: Yes | W29: / | X29: TBD | Y29: a) according requirements b) involvement od Serbian team during study
A30: 22 | B30: Validation | C30: Process verification (trial run) report | D30: PV1 report | E30: Medium | M30: R | O30: R | U30: Yes | V30: Yes | W30: / | X30: TBD
A31: 23 | B31: Validation | C31: Pilot Run/R@R Report | E31: High | M31: R | O31: R | U31: Yes | V31: Yes | W31: / | X31: TBD | Y31: a) minimum 8 hours (assembly only) b) CT/TT achieved c) Overall equipment effectiveness d) produced motors - scrap or to be delivered in Serbia
A32: 24 | B32: Quality | C32: Part Production Approval Process | D32: PPAP | E32: Medium | M32: C | O32: R | U32: No | V32: Yes | W32: / | X32: TBD
A33: 25 | B33: Process | C33: Process Engineering Work Instruction | D33: PEWI | E33: High | M33: R | U33: No | V33: Yes | W33: / | X33: TBD | Y33: a) check PEWI by depending with Buy off line b) m/c fusing/welding parameters
A34: 26 | B34: Process | C34: In Process Control | D34: IPC | E34: High | M34: R | O34: C | U34: Yes | V34: No | W34: / | X34: TBD | Y34: a) check IPC revision b) check IFC actuality by depending with Buy off line c) check specification, process name etc. with related documents
A35: 27 | B35: Machine/Tool/Fixture | C35: Machine Setting Report | D35: MSR | E35: High | M35: R | P35: C | U35: Yes | V35: No | W35: / | X35: TBD | Y35: a) check MSR by depending with Buy off line b) MSR must be signed by Buy off team c) MSR must be freezed d) check specification, process name etc. with related documents e) define all parameters, parameter tolerance f) DSC analysis after freezing MSR
A36: 28 | B36: Process | C36: Engineering Standard Document Control | D36: ESDC | E36: High | M36: R | O36: C | U36: Yes | V36: Yes | W36: / | X36: TBD
A37: 29 | B37: Machine/Tool/Fixture | C37: Machine Operating Instruction | D37: MOI | E37: High | M37: R | U37: Yes | V37: No | W37: / | X37: TBD | Y37: a) not applicable if m/c the same type b) check MOI by depending with Buy off line
A38: 30 | B38: Measuring | C38: Measurement System Analysis | D38: MSA | E38: High | O38: R | U38: Yes | V38: Yes | W38: / | X38: TBD | Y38: a) check MSA results for related measuring equipment b) collect MSA Plan
A39: 31 | B39: Quality | C39: Quality Control Check List | D39: QCCL | E39: High | O39: R | U39: Yes | V39: No | W39: Yes | X39: TBD | Y39: a) verify drawing revision from QCCL to DCC
A40: 32 | B40: Measuring | C40: Gauge Drawing | E40: High | M40: R | O40: R | U40: Yes | V40: Yes | W40: / | X40: TBD | Y40: a) collect all gauge drawing during Buy off (Quality/Process)
A41: 33 | B41: Measuring | C41: Measuring Equipment Calibration Report | E41: High | O41: R | U41: Yes | V41: Yes | W41: / | X41: TBD | Y41: a) collect all gauge calibration reports during Buy off b) frequency, expiring date
A42: 34 | B42: Quality | C42: Visual Inspection Criteria/Aids | D42: VIC | E42: High | O42: R | U42: Yes | V42: Yes | W42: / | X42: TBD | Y42: a) check VIC content (must be clear) b) English version
A43: 35 | B43: Quality | C43: Master Defect Sample | E43: High | O43: R | U43: No | V43: Yes | W43: / | X43: TBD | Y43: a) collect and check functionality of all MDS b) ensure sending of samples
A44: 36 | B44: Quality | C44: Customer Claims List | E44: High | O44: R | U44: No | V44: Yes | W44: / | X44: TBD | Y44: a) collect Customer Claims list with related 8-D reports (last 5 years)
A45: 37 | B45: Measuring | C45: Measuring equipment list | E45: High | O45: R | U45: Yes | V45: Yes | W45: Yes | X45: TBD | Y45: a) check measuring equipment list before their packing b) all measuring equipment according control plan
A46: 38 | B46: Materials | C46: Raw Material Data Sheet | E46: Medium | M46: R | U46: Yes | V46: Yes | W46: Yes | X46: TBD | Y46: a) check availability of DS during Buy off b) check Raw Material DS actuality (revision) c) check material supplier (during Buy off production)
A47: 39 | B47: Materials | C47: Complete material composition used during Buy off | E47: Medium | M47: R | O47: C | U47: Yes | V47: Yes | W47: / | X47: TBD | Y47: a) check material lot No (plastic) b) take raw material samples (plastic/steel/rubber/chemicals)
A48: 40 | B48: Machine/Tool/Fixture | C48: User Manuals | E48: High | M48: R | P48: C | U48: Yes | V48: Yes | W48: Yes | X48: TBD | Y48: a) must be available with Buy off b) define content of manual (spare part list, assembly drawing, exploded view, troubleshooting, preventive maintenance, maintenance material, tools, electro scheme, should be condition, safety instructions, control box flow-chart) c) split list on m/c, tool, fixture additional equipment
A49: 41 | B49: Machine/Tool/Fixture | C49: Spare Part Lists | E49: High | M49: R | P49: C | U49: Yes | V49: Yes | W49: / | X49: TBD | Y49: a) which part we exchange, where is exchanged b) time for changing c) quantity of SP d) at least 12 months e) split list on m/c, tool, fixture additional equipment g) provide information if tool is from external supplier
A50: 42 | B50: Machine/Tool/Fixture | C50: Modification of m/c after Buy off | E50: Medium | M50: R | U50: Yes | V50: Yes | W50: / | X50: TBD | Y50: a) any modification is NOT ALLOWED b) require new Buy off if there is any modification
A51: 43 | B51: Machine/Tool/Fixture | C51: Machine Qualification Report | E51: High | M51: R | O51: C | U51: Yes | V51: Yes | W51: / | X51: TBD | Y51: a) mandatory either machine is produced by JE or external supplier
A52: 44 | B52: Machine/Tool/Fixture | C52: Tooling Assembly Drawing | E52: High | M52: R | P52: C | U52: Yes | V52: Yes | W52: / | X52: TBD
A53: 45 | B53: Machine/Tool/Fixture | C53: M/C , Fixture Assembly Drawing | E53: High | M53: R | P53: C | U53: Yes | V53: Yes | W53: / | X53: TBD
A54: 46 | B54: Machine/Tool/Fixture | C54: PLC programs/codes | E54: High | M54: R | P54: C | U54: Yes | V54: Yes | W54: / | X54: TBD | Y54: a) mandatory English version b) available in Europe
A55: 47 | B55: Machine/Tool/Fixture | C55: M/C, fixtures, tooling incident history | E55: High | M55: R | P55: C | U55: Yes | V55: Yes | W55: / | X55: TBD
A56: 48 | B56: Machine/Tool/Fixture | C56: Preventive Maintenance records | E56: High | M56: R | P56: C | U56: Yes | V56: Yes | W56: / | X56: TBD | Y56: a) PM records from last 12 months translated into English
A57: 49 | B57: Machine/Tool/Fixture | C57: Spare M/C, fixtures, tooling for changeover, overhauling | E57: High | M57: R | P57: C | U57: Yes | V57: Yes | W57: / | X57: TBD
A58: 50 | B58: Machine/Tool/Fixture | C58: Spare Part kit for 6 months (Tooling, M/C, Fixture) | E58: High | M58: R | U58: Yes | V58: Yes | W58: / | X58: TBD
A59: 51 | B59: Machine/Tool/Fixture | C59: Detailed Packing List (M/C, Fixtures, spare parts...) | E59: High | M59: R | P59: C | U59: Yes | V59: Yes | W59: / | X59: TBD | Y59: a) check packing list with shipment b) collect serial No of equipment/tools c) compare with inventory list (packing list) d) new one or used? e) are the same people are responsible for packing and unpacking
A60: 52 | B60: Quality | C60: Defect rate/Parts Per Milion First Pass Yield | D60: Defective rate/PPM/FPY | E60: High | M60: C | O60: R | U60: Yes | V60: Yes | W60: / | X60: TBD | Y60: a) top defects b) defect history c) most critical stations
A61: 53 | B61: Validation | C61: Qualification of operators | E61: High | O61: R | U61: Yes | V61: Yes | W61: / | X61: TBD | Y61: a) check matrix of qualification
A62: 54 | B62: Process | C62: Packing instruction for final goods | E62: High | M62: R | O62: C | U62: Yes | V62: Yes | W62: / | X62: TBD | Y62: a) check and define packing instruction for land/sea transport
A63: 55 | B63: Process | C63: Consumables drawing | E63: High | M63: R | U63: Yes | V63: Yes | W63: / | X63: TBD | Y63: a) material specification (electrode, knifes, glue bottles, cleaning brushes etc.)
A64: 56 | B64: Process | C64: Poka Yoke list | E64: High | M64: R | O64: C | U64: Yes | V64: Yes | W64: / | X64: TBD
A65: 57 | B65: Quality | C65: Last process audit/customer audit for Buy of line | E65: Medium | O65: R | U65: Yes | V65: Yes | W65: / | X65: TBD | Y65: a) example of process/product audit plan for Buy off P/N
A66: 58 | B66: Process | C66: Interview master | E66: Medium | M66: R | O66: C | U66: Yes | V66: Yes | W66: / | X66: TBD
A67: 59 | B67: Quality | C67: Run VDA 6.3 audit on Buy off line | E67: High | O67: R | U67: No | V67: Yes | W67: / | X67: TBD | Y67: a) system audit b) product audit
A68: 60 | B68: Process | C68: Identify all offline processes | E68: High | M68: R | O68: C | U68: Yes | V68: Yes | W68: / | X68: TBD
A69: 61 | B69: Process | C69: Detail CnS tools Buy off Schedule | E69: Medium | M69: R | U69: Yes | V69: No | W69: Yes | X69: TBD | Y69: a) must include combination matrix if the tool shared with other P/N
A70: 62 | B70: Process | C70: Preventive maintenance plan | E70: High | M70: R | U70: Yes | V70: Yes | W70: / | X70: TBD
A71: 63 | B71: Materials | C71: Material Safety Data Sheet/Technical Data Sheet (chemical material) | D71: MSDS/TDS | E71: Medium | M71: R | U71: Yes | V71: Yes | W71: / | X71: TBD | Y71: a) English translation b) not mandatory
A72: 64 | B72: Process | C72: Technical requirements for line installing (ESD protection, water cooling, air exhausting, liquid and dust disposal...) | E72: High | M72: R | U72: Yes | V72: Yes | W72: Yes | X72: TBD | Y72: a) review manufacturing handbook
A73: 65 | B73: Process | C73: Change Management | D73: CM | E73: Medium | M73: R | O73: R | U73: Yes | V73: Yes | W73: / | X73: TBD | Y73: a) Collect CR list of on going changes and separate what can be done immediately/later
A74: 66 | B74: Process | C74: Internal Deviation Approval list | E74: High | M74: C | O74: R | U74: Yes | V74: Yes | W74: / | X74: TBD
A75: 67 | B75: Process | C75: Procedure/List of permitted reworks | E75: Medium | M75: C | O75: R | U75: Yes | V75: Yes | W75: / | X75: TBD
A76: 68 | B76: Process | C76: Safety Audit | E76: High | M76: R | O76: C | U76: Yes | V76: Yes | W76: / | X76: TBD | Y76: a) Audit Buy off line
A77: 69 | B77: Process | C77: Changeover/Machine set up | E77: High | M77: R | P77: R | U77: Yes | V77: Yes | W77: / | X77: TBD | Y77: a) all set up by gauge, dummy or clear indicator on machine b) NO set up by experience allowed c) test of all different change overs/set up during buy off to verify instruction, gauges
A78: 70 | B78: Process | C78: Escalation | E78: Medium | J78: R | U78: Yes | V78: Yes | W78: / | X78: TBD | Y78: a) machine left PRC without authorization
A79: 71 | B79: Process | C79: Comparison parameters | E79: Medium | M79: R | O79: R | U79: Yes | V79: Yes | W79: / | X79: TBD
A80: 72 | B80: Process | C80: Maintenance Consumption Parts Periodic Replace Frequency List | E80: Medium | M80: R | P80: R | U80: No | V80: Yes | W80: / | X80: TBD
A81: 73 | B81: Quality | C81: Customer requirements | E81: High | M81: R | O81: R | U81: No | V81: Yes | W81: / | X81: TBD
A82: 74 | B82: Process | C82: General Procedure 12 | D82: GP12 | E82: High | M82: R | O82: R | U82: Yes | V82: Yes | W82: / | X82: TBD
A83: 75 | B83: Quality | C83: Early Production Containment Control Plan | D83: EPCCP | E83: High | O83: R | U83: Yes | V83: Yes | W83: / | X83: TBD

Sheet Misc
E3: X
